ticker,trade_date,open,high,low,close,volume,daily_return,volatility_10d
JPM,2025-07-22 00:00:00-04:00,286.0280742772089,288.11809552877634,283.75161723688194,285.9593811035156,6717500,,
JPM,2025-07-23 00:00:00-04:00,287.34287268108,291.41496386649595,287.05830810847374,291.1893005371094,7083500,0.01828902906913399,
JPM,2025-07-24 00:00:00-04:00,291.8369396401929,293.96618832212596,290.6398398939318,290.9832458496094,7001200,-0.0007076313831584358,
JPM,2025-07-25 00:00:00-04:00,291.13049296035166,293.2891775825394,290.40436354527543,293.0144348144531,5918500,0.006980432701247485,
JPM,2025-07-28 00:00:00-04:00,292.0724293571669,293.8091927274499,291.2482011503524,292.6807861328125,5840400,-0.0011386766042836838,
JPM,2025-07-29 00:00:00-04:00,294.36850837533046,295.63430134586406,290.63985258046154,291.4640808105469,7635700,-0.004157106923013076,
JPM,2025-07-30 00:00:00-04:00,291.83695632333047,294.9670472888904,291.79769880383014,294.0054626464844,8061700,0.008719365449320726,
JPM,2025-07-31 00:00:00-04:00,293.5246633224064,295.33011989507037,289.9529777509294,290.6790771484375,14749700,-0.011314026168440794,
JPM,2025-08-01 00:00:00-04:00,284.9487439683445,286.32245784834123,278.9043729516421,283.9380798339844,12007100,-0.02319051436581654,
JPM,2025-08-04 00:00:00-04:00,284.81135364584816,288.79513839592664,284.81135364584816,288.73626708984375,6649500,0.01689870995346876,
JPM,2025-08-05 00:00:00-04:00,289.1581672885365,290.23752439689997,281.8480045472989,285.9004821777344,7182300,-0.009821367231387601,0.013021874161553829
JPM,2025-08-06 00:00:00-04:00,286.81300825463615,287.7844445938785,284.7131953506969,285.880859375,6330200,-6.863508093757353e-05,0.011352866041197113
JPM,2025-08-07 00:00:00-04:00,287.4410196836242,287.9512476179058,281.0336001027858,281.55364990234375,8057100,-0.015136408509882404,0.012094141865687351
JPM,2025-08-08 00:00:00-04:00,283.55541003235584,285.7631740586469,279.36554536006525,283.33953857421875,6634100,0.006342978229884277,0.01203592723225487
JPM,2025-08-11 00:00:00-04:00,283.9674810703858,285.8514526951056,283.3591242790355,284.1244812011719,5510100,0.0027703250697130866,0.012176098567095957
JPM,2025-08-12 00:00:00-04:00,286.02808831162713,289.2170807199043,284.88985973561466,287.3527526855469,8570900,0.011362172913530921,0.012961165843578207
JPM,2025-08-13 00:00:00-04:00,288.43207746741234,289.0207905053278,281.769528771024,285.0762634277344,8420400,-0.00792228101710124,0.01258854440444604
JPM,2025-08-14 00:00:00-04:00,285.1253385944976,288.67741059714604,284.20301143696577,288.6381530761719,6322400,0.012494514996126416,0.013084731337521572
JPM,2025-08-15 00:00:00-04:00,289.30539816837313,289.9530125511936,284.37964203474183,285.03704833984375,7340500,-0.012476191030011852,0.011356370238223504
JPM,2025-08-18 00:00:00-04:00,284.55624732082714,286.42057536605495,282.9960976961236,286.0575256347656,5386900,0.003580156687930547,0.009899798475654052
JPM,2025-08-19 00:00:00-04:00,285.3706494849781,286.9897003409671,284.0950645111781,285.203857421875,6031500,-0.0029842536426766264,0.009439641625903794
JPM,2025-08-20 00:00:00-04:00,285.35100110061984,287.8236856501562,281.8774445149503,286.754150390625,7374200,0.0054357363282671045,0.009607389397990962
JPM,2025-08-21 00:00:00-04:00,286.45983579537915,287.27424223237057,284.0362003285711,285.9986572265625,6624000,-0.0026346372425066766,0.008057090035548073
JPM,2025-08-22 00:00:00-04:00,287.6961645212777,291.5818204071259,284.6837862966605,290.6790771484375,8552800,0.016365181456664102,0.009248325259652794
JPM,2025-08-25 00:00:00-04:00,290.67910031440016,291.76827944217837,288.61854456863614,289.3642578125,5856300,-0.004523267889921301,0.009517016547192933
JPM,2025-08-26 00:00:00-04:00,288.63814183000835,293.13215460321874,287.99052751038425,292.9653625488281,6714700,0.012444884394331668,0.00964234102333418
JPM,2025-08-27 00:00:00-04:00,291.6701254801894,295.41842494390727,291.46407591230917,293.6620178222656,6056500,0.0023779441616460506,0.008995726851470631
JPM,2025-08-28 00:00:00-04:00,294.38811877937053,295.5852185641284,293.0929201153854,295.4184265136719,6410500,0.00598105503882107,0.008451893782371859
JPM,2025-08-29 00:00:00-04:00,296.37022814205386,297.2631495608047,294.10359298088383,295.7618713378906,6796400,0.0011625707586078171,0.0067141753126708165
JPM,2025-09-02 00:00:00-04:00,294.62364321253557,294.8198709218748,288.9717581566039,294.07415771484375,7221900,-0.005706325887824715,0.007348042163048
JPM,2025-09-03 00:00:00-04:00,294.9278255320024,294.9278255320024,290.8164761661132,293.8877258300781,6316900,-0.000633962148236078,0.007178391642101427
JPM,2025-09-04 00:00:00-04:00,294.36852159403367,298.7153562428407,292.68080753910596,298.1168212890625,6605800,0.01439017382246699,0.008021268554535985
JPM,2025-09-05 00:00:00-04:00,297.9500113286781,299.42185399614533,288.7853412459479,288.8540344238281,9837700,-0.03107099701781979,0.013661564102183691
JPM,2025-09-08 00:00:00-04:00,289.3544641521949,290.8949700189617,285.9692141135519,287.41162109375,8188500,-0.004993571694282495,0.012637345161424784
JPM,2025-09-09 00:00:00-04:00,287.1074315912692,293.3872872696363,286.8228669749493,292.2588806152344,7848200,0.01686521756857995,0.01374680962762265
JPM,2025-09-10 00:00:00-04:00,291.13046319713106,295.8796048140829,289.8548483762926,294.89837646484375,7787300,0.009031362345783833,0.0134729478976924
JPM,2025-09-11 00:00:00-04:00,295.5852436958139,299.9909797241969,295.1437088676121,299.82415771484375,7942500,0.016703317627749792,0.014396357596954817
JPM,2025-09-12 00:00:00-04:00,299.27465392414524,301.7767742987404,297.9990690164523,301.1488037109375,6846700,0.0044180762690697595,0.014358854953050402
JPM,2025-09-15 00:00:00-04:00,301.40393449781925,304.13174819496044,301.40393449781925,303.1014404296875,7122000,0.006483959739133738,0.014422154278667757
JPM,2025-09-16 00:00:00-04:00,304.1807788708881,305.06387836899023,301.3646583866889,303.385986328125,10525600,0.0009387810827758969,0.014150057381509392
JPM,2025-09-17 00:00:00-04:00,304.563492987762,307.03617773944126,302.973877849489,305.89794921875,8657800,0.008279759131353481,0.01416153004810689
JPM,2025-09-18 00:00:00-04:00,305.9372178866198,307.556238792954,303.7981171700278,307.3501892089844,8050700,0.004747465597410239,0.01370426785499006
JPM,2025-09-19 00:00:00-04:00,307.7132209495945,309.8719053836384,303.31730709863126,308.8710632324219,23568600,0.004948342564394359,0.0066112432747323325
JPM,2025-09-22 00:00:00-04:00,303.9845245259009,307.8113389670314,303.74903930910966,306.5749816894531,7520200,-0.007433786509294937,0.007118145644758933
JPM,2025-09-23 00:00:00-04:00,305.9666409066948,310.37234675445063,304.74989735202223,306.8693542480469,8584400,0.0009601975900692672,0.006270840844529658
JPM,2025-09-24 00:00:00-04:00,308.15476983779797,310.63727651453155,305.81947137817144,307.53662109375,7310500,0.0021744329841544285,0.006143434304625065
JPM,2025-09-25 00:00:00-04:00,308.22347685107957,309.7247551863121,305.947019653492,307.5660705566406,7083200,9.575920677629135e-05,0.004388613460941373
JPM,2025-09-26 00:00:00-04:00,308.988785738579,311.8441636854759,307.8113297451866,310.12701416015625,7258100,0.008326482823286518,0.004732881590279182
JPM,2025-09-29 00:00:00-04:00,311.10828573544467,312.0404647281687,307.7721150397051,309.7640075683594,6462400,-0.0011705094210510136,0.00471716607758165
JPM,2025-09-30 00:00:00-04:00,310.31346452838187,311.45169300349573,304.28870810842403,309.50885009765625,11823300,-0.0008237156818382552,0.0048011519136381
JPM,2025-10-01 00:00:00-04:00,308.07628613361976,308.68464295873514,301.6394301376976,304.8774719238281,9235200,-0.014963637299440169,0.006685382552025088
JPM,2025-10-02 00:00:00-04:00,304.1808160870063,304.73030161726365,300.39328868596704,301.77679443359375,7600000,-0.01017024141097922,0.007083042346193512
JPM,2025-10-03 00:00:00-04:00,302.718779227698,305.80964265751953,302.4243927447969,304.2102355957031,6029900,0.008063712011643354,0.007471002069581799
JPM,2025-10-06 00:00:00-04:00,305.83713416223014,307.38515966997034,300.857851711314,304.85113525390625,7214500,0.0021067655956681364,0.007233621917422714
JPM,2025-10-07 00:00:00-04:00,305.01875022701944,305.66951307877287,300.43386159315816,303.3819885253906,8454200,-0.004819226693356438,0.0073306640376818565
JPM,2025-10-08 00:00:00-04:00,303.8946917756213,304.4567183318842,299.2999336047902,299.7732238769531,6489900,-0.01189511831594936,0.007952345240449136
JPM,2025-10-09 00:00:00-04:00,300.77893750215213,303.7270945284432,299.1422058887319,301.2522277832031,7060300,0.004933742537515995,0.008270306621484839
JPM,2025-10-10 00:00:00-04:00,301.3804193716138,306.1230715472904,296.5983188157025,296.6772155761719,8597400,-0.015186650205699648,0.008337400415358296
JPM,2025-10-13 00:00:00-04:00,301.3212684867699,305.1272097801061,301.17337467050265,303.6580810546875,10788700,0.02353017054227835,0.0121741600700409
JPM,2025-10-14 00:00:00-04:00,301.5578902761218,302.70165257420854,290.0907186231138,297.85052490234375,16178800,-0.019125314011642747,0.013313022553983625
JPM,2025-10-15 00:00:00-04:00,302.1002149225357,307.7499693151439,301.1635039391426,301.4100036621094,11354800,0.011950553926109997,0.013513747532298554
JPM,2025-10-16 00:00:00-04:00,301.0747260223031,304.35808863852304,292.9106575300408,294.3600769042969,10549400,-0.023389823403856536,0.015061763382879106
JPM,2025-10-17 00:00:00-04:00,294.97143359875633,295.3559575215809,290.08088749555986,293.3938293457031,10153500,-0.0032825360312291885,0.014607872263729733
JPM,2025-10-20 00:00:00-04:00,294.32064593592156,299.43798218705626,293.9854099500461,298.1265869140625,6894900,0.016131073986504374,0.01582993716243998
JPM,2025-10-21 00:00:00-04:00,297.436411288458,299.7929328501146,292.8416531202475,292.9303894042969,7372700,-0.017429500547240573,0.016554937132949584
JPM,2025-10-22 00:00:00-04:00,293.6008552074487,293.8868032880077,286.4721030595595,289.9920959472656,8054100,-0.010030688393261489,0.016458556202710937
JPM,2025-10-23 00:00:00-04:00,290.25837425327126,292.22050252499105,288.41456104050746,290.4161376953125,5438800,0.0014622527785170814,0.016304057107564406
JPM,2025-10-24 00:00:00-04:00,291.9345495322769,298.3632818043669,291.31339548312707,296.2335205078125,7228300,0.020031196815251562,0.017282359758649404
JPM,2025-10-27 00:00:00-04:00,297.92941246883,300.2662249001909,296.7955198233114,299.89154052734375,5642200,0.012348433807425119,0.01589580692049248
JPM,2025-10-28 00:00:00-04:00,300.59159530101573,303.6580673748709,298.915415308335,301.0845947265625,6336000,0.003978285606592413,0.01461785228753022
JPM,2025-10-29 00:00:00-04:00,299.2605157595805,303.93414060421026,298.7675163425421,301.2325134277344,7520300,0.000491286182563444,0.014120127418350293
JPM,2025-10-30 00:00:00-04:00,301.50862332627236,308.233113206998,300.8282816526182,305.1075134277344,7514600,0.012863817241725473,0.011921575713515865
JPM,2025-10-31 00:00:00-04:00,304.22008283002725,308.4894444595929,302.9481359332913,306.7639465332031,7721300,0.005429014470537119,0.011673905300074587
JPM,2025-11-03 00:00:00-05:00,306.6456604912348,307.9471862719047,301.9227172950412,305.0187683105469,7770000,-0.005688993906809547,0.011297215080534903
JPM,2025-11-04 00:00:00-05:00,302.415720333495,307.84858401169095,300.82827651560933,304.920166015625,7085200,-0.00032326632052193105,0.00903974313347066
JPM,2025-11-05 00:00:00-05:00,305.27510663609064,308.7162632770978,301.35085025066564,307.3161315917969,6865200,0.00785768159410316,0.007597268736628666
JPM,2025-11-06 00:00:00-05:00,306.63579903674446,310.4319009529449,305.9160390722913,309.03179931640625,7206100,0.005582745415031676,0.0074433350427444865
JPM,2025-11-07 00:00:00-05:00,307.5232049313688,310.0276204199649,303.3327096940284,309.8106994628906,7302300,0.0025204530673132997,0.0056979577534758685
JPM,2025-11-10 00:00:00-05:00,310.5896337890794,315.08578608051664,309.8106862822301,312.45318603515625,5794100,0.00852935865948723,0.005222017509153165
JPM,2025-11-11 00:00:00-05:00,313.0546102409576,314.58289630207906,310.86569176259013,311.200927734375,5030200,-0.004007826953764337,0.005822880057602087
JPM,2025-11-12 00:00:00-05:00,311.83200002815875,317.7381233989844,311.782682032414,315.92388916015625,10578300,0.015176566021720017,0.0067987318151335715
JPM,2025-11-13 00:00:00-05:00,314.7604311532612,316.14082355780937,304.7722577523736,305.1469421386719,8973300,-0.03411247895856662,0.013515075813769376
JPM,2025-11-14 00:00:00-05:00,303.20448907001065,303.3326737235763,297.012418045434,299.35906982421875,10327000,-0.018967492428034416,0.014603607189063944
JPM,2025-11-17 00:00:00-05:00,299.74363974118836,301.31137424610444,293.5022804823602,296.1644592285156,8344000,-0.01067150094225966,0.014813921976944595
JPM,2025-11-18 00:00:00-05:00,295.3066623130797,298.70837045931603,292.8613742767781,295.2179260253906,8077300,-0.003195971608445647,0.01478749106359702
JPM,2025-11-19 00:00:00-05:00,295.5432899586994,300.1873662746028,295.0798692888629,299.02386474609375,5546600,0.012891963479127577,0.015280551117751133
JPM,2025-11-20 00:00:00-05:00,302.05090502503106,305.58079800315744,293.98544109490615,294.2023620605469,7501600,-0.01612414009042684,0.015524818221544449
JPM,2025-11-21 00:00:00-05:00,297.07161725529045,297.45614117965755,288.7103357437745,293.8473815917969,11766800,-0.0012065860595535938,0.015373654791339375
JPM,2025-11-24 00:00:00-05:00,294.0642973394352,295.6221924256846,290.386540762355,293.8276672363281,10940200,-6.709045818942272e-05,0.014750296281156816
JPM,2025-11-25 00:00:00-05:00,295.84892096661844,300.2366275598507,291.4217960873232,298.75762939453125,8877200,0.016778413702743356,0.016435073399925323
JPM,2025-11-26 00:00:00-05:00,300.7296512123902,304.21022597199055,298.95486530692773,303.33270263671875,7910900,0.015313661617477159,0.016452848265474693
JPM,2025-11-28 00:00:00-05:00,304.7722465716023,309.3275563846455,303.9242719247256,308.6965026855469,4322400,0.017682894070448985,0.013843406903853332
JPM,2025-12-01 00:00:00-05:00,308.5683618849884,309.6430970545817,304.2201032083801,304.59478759765625,7727300,-0.013287209450729809,0.013013629339558663
JPM,2025-12-02 00:00:00-05:00,304.4172805196406,306.1329390093465,302.7903884074122,303.5693359375,7249000,-0.003366609350882177,0.012426866609753472
JPM,2025-12-03 00:00:00-05:00,302.89885953876745,307.98658713845214,302.50443592551073,307.75982666015625,8535300,0.01380406459603356,0.012714187497217169
JPM,2025-12-04 00:00:00-05:00,308.87405237571005,314.0308078212495,308.61768301012796,311.6742858886719,9627800,0.012719201433779581,0.01270123853397876
JPM,2025-12-05 00:00:00-05:00,311.2207252653726,314.02095869272745,310.27414460153136,310.6291198730469,6518900,-0.003353391867554678,0.010949059556854416
JPM,2025-12-08 00:00:00-05:00,310.64879808375287,312.0390600856641,308.96274846028484,310.79669189453125,7417200,0.0005394601174315561,0.010843609895436424
JPM,2025-12-09 00:00:00-05:00,310.5403783790639,314.336450228146,295.8193913272319,296.30255126953125,18049200,-0.04663544047604784,0.019846435696867386
JPM,2025-12-10 00:00:00-05:00,296.292632599085,306.8329619363725,294.2811866679717,305.76806640625,18874100,0.031945439201124026,0.021679471709180043
JPM,2025-12-11 00:00:00-05:00,304.9102649889192,313.5476242674454,304.9102649889192,312.9363098144531,9721900,0.023443401047247514,0.022353805523860824
JPM,2025-12-12 00:00:00-05:00,315.2041261224818,315.7858618718594,312.16726270211575,314.06036376953125,8982900,0.003591957595922901,0.021786799652006413
JPM,2025-12-15 00:00:00-05:00,315.1153648797306,318.3593094805321,313.9321843288561,315.5393371582031,10864100,0.004709201030401955,0.021122373861065736
JPM,2025-12-16 00:00:00-05:00,314.62240273148194,315.0463750601788,309.99806522837446,311.1319580078125,8331300,-0.013967764495178892,0.021774625690564188
JPM,2025-12-17 00:00:00-05:00,313.9716244610726,314.8984658400699,310.2544194174254,310.5699462890625,8718700,-0.0018063451994728696,0.021445566281639763
JPM,2025-12-18 00:00:00-05:00,311.57564186364317,313.2518519730792,307.84856735129125,308.6176452636719,11444900,-0.006286187857898917,0.02114328418516973
JPM,2025-12-19 00:00:00-05:00,309.39657764946713,314.099781180705,308.8049723403709,312.7686767578125,24494400,0.013450402327430444,0.021579459264000747
JPM,2025-12-22 00:00:00-05:00,313.064515200958,318.7044300194866,313.064515200958,318.5663757324219,8354600,0.018536699501717546,0.022285141597755437
JPM,2025-12-23 00:00:00-05:00,319.07908304324746,323.1907116116738,318.56637445826755,321.3666076660156,6668300,0.008790105130071169,0.014006978435459219
JPM,2025-12-24 00:00:00-05:00,321.6722493328215,325.36974495293686,320.9426198260136,324.5612487792969,4289300,0.009940799812659273,0.01134467013228747
JPM,2025-12-26 00:00:00-05:00,324.50208933838474,326.22758744424,321.96809498869885,323.31890869140625,4158300,-0.0038277523658882817,0.009879545798454778
JPM,2025-12-29 00:00:00-05:00,322.4216288798564,323.1808371734579,319.0002116144308,319.2171325683594,8635300,-0.012686471507801111,0.011094838660314387
JPM,2025-12-30 00:00:00-05:00,320.2623075229155,320.39049219725354,317.97478280166575,318.89178466796875,7904300,-0.0010192056352769097,0.011069214334105919
JPM,2025-12-31 00:00:00-05:00,319.79886991908165,320.3313177342217,317.5310845539587,317.70855712890625,5048500,-0.0037104359408144383,0.009933523971080665
JPM,2026-01-02 00:00:00-05:00,317.9846252281575,321.1694123071354,316.2492576445291,320.92291259765625,8054000,0.010117308447080475,0.010121288914904637
JPM,2026-01-05 00:00:00-05:00,320.942628937084,332.5281155423397,320.63697169770103,329.3630676269531,10752600,0.026299633644040865,0.011789258460695982
JPM,2026-01-06 00:00:00-05:00,329.44229029813283,332.6612412306879,327.49110960074296,331.41326904296875,7660800,0.00622474593398481,0.011540816114249475
JPM,2026-01-07 00:00:00-05:00,327.9764659913386,328.9767963949314,321.4989374679619,323.8660888671875,9815200,-0.022772715762333418,0.013694043321240463
JPM,2026-01-08 00:00:00-05:00,323.27183137637843,328.2339475379842,322.53888044956136,326.63934326171875,11737100,0.008562966268655936,0.013681224487190363
JPM,2026-01-09 00:00:00-05:00,326.1936353875406,328.7291759216584,325.0348299492433,326.0450744628906,6738100,-0.0018193423758875449,0.013397890127052942
JPM,2026-01-12 00:00:00-05:00,318.80490292970194,322.9053354478686,318.1611187929736,321.38995361328125,12805100,-0.014277537721672284,0.01416187428442962
JPM,2026-01-13 00:00:00-05:00,321.20175473899405,323.7372950994605,307.60294504088824,307.9297790527344,19371200,-0.041881130412505296,0.01909976710797515
JPM,2026-01-14 00:00:00-05:00,305.2556057077196,308.78159262538577,303.19546018048277,304.9287414550781,25951500,-0.009745850521142074,0.019176707298429407
JPM,2026-01-15 00:00:00-05:00,305.5230197927318,309.95031666446005,304.8098971346673,306.30548095703125,14751400,0.004514954855955988,0.0193801414484648
JPM,2026-01-16 00:00:00-05:00,307.38506061636195,314.17950872864606,307.0383983149945,309.48480224609375,14652500,0.010379576882297181,0.01940075007372589
JPM,2026-01-20 00:00:00-05:00,303.2845981841295,308.1774060521912,298.9761500928895,299.8477478027344,12900600,-0.03113902321993911,0.018071015604905358
JPM,2026-01-21 00:00:00-05:00,300.53118494697816,302.4823658305288,298.2729680555718,299.15447998046875,10270100,-0.0023120661313811297,0.01745268910464201
JPM,2026-01-22 00:00:00-05:00,301.9474777854751,305.2555953909441,300.0062112868251,300.729248046875,10535800,0.005264063123871843,0.017433553274783912
JPM,2026-01-23 00:00:00-05:00,299.11481126550876,299.4812715954647,293.6772702297321,294.8757019042969,11107900,-0.019464505632873164,0.016852993871425324
JPM,2026-01-26 00:00:00-05:00,294.96484861763906,298.8969221500132,294.60830241167326,298.16400146484375,11752700,0.011151476840279395,0.018015720458465702
JPM,2026-01-27 00:00:00-05:00,298.45122352878457,299.08512378237486,295.3016109870806,297.44097900390625,11527400,-0.002424915339831024,0.018001617255609333
JPM,2026-01-28 00:00:00-05:00,297.4013222225187,299.03558292254246,295.2025300603667,297.89654541015625,9556700,0.0015316195091061857,0.013471259239359584
JPM,2026-01-29 00:00:00-05:00,299.51100066931883,303.898671192008,299.3327275624257,303.49261474609375,11580000,0.018785277715230198,0.014883888824689991
JPM,2026-01-30 00:00:00-05:00,302.333781642444,304.98817089860455,299.66947824936375,302.9676818847656,11953200,-0.001729639654550752,0.014786783689009401
JPM,2026-02-02 00:00:00-05:00,301.5513314360023,306.34508884518107,298.49085539325506,305.1961975097656,9839400,0.007355621600087403,0.014557446653278327
JPM,2026-02-03 00:00:00-05:00,306.77099053389486,313.22869052113475,306.14700443281885,311.8420715332031,12688000,0.02177574320277964,0.011875320423987002
JPM,2026-02-04 00:00:00-05:00,311.4062598905275,316.25944126204155,311.4062598905275,314.2389221191406,9848800,0.007686103976134895,0.011705139348795454
JPM,2026-02-05 00:00:00-05:00,311.99062599899656,312.9909865673853,302.6210112179966,307.1968688964844,9388000,-0.02240986945591139,0.014557763824417877
JPM,2026-02-06 00:00:00-05:00,311.7034102684662,321.15227836348157,311.7034102684662,319.3199462890625,17797400,0.03946354478197245,0.016587471735953693
JPM,2026-02-09 00:00:00-05:00,318.27007812796035,323.2817350541263,317.05181803840316,319.0228271484375,11477500,-0.0009304747294303084,0.016780893626395545
JPM,2026-02-10 00:00:00-05:00,319.4684837021083,323.01429884581904,312.1094739861534,315.2392883300781,9902200,-0.011859774587850813,0.017608878245843652
JPM,2026-02-11 00:00:00-05:00,320.15191444315514,322.1724337503843,305.78055639607567,307.8505859375,8703500,-0.02343839320193375,0.019925691139118438
JPM,2026-02-12 00:00:00-05:00,309.29660600764385,310.62380057979817,297.15372325834437,299.74871826171875,13443400,-0.02631753209469645,0.021141309526435628
JPM,2026-02-13 00:00:00-05:00,295.6680481198895,301.38294318623025,293.6871553220786,299.6595458984375,9114500,-0.00029749039061244265,0.021140973031907918
JPM,2026-02-17 00:00:00-05:00,299.8675549474044,305.29518175186814,299.61002921690664,304.19580078125,8896800,0.015138028956200644,0.021616429950598887
JPM,2026-02-18 00:00:00-05:00,305.51309749540866,309.2966101142475,304.2849535938903,305.8300476074219,7209600,0.005372351695765332,0.020355993002391815
JPM,2026-02-19 00:00:00-05:00,304.2354576365961,306.226234501648,302.2050242231491,305.1070251464844,6737700,-0.0023641315383948758,0.020084118895766338
JPM,2026-02-20 00:00:00-05:00,305.4536802835111,308.0288471084009,302.75966472033866,307.82086181640625,7792700,0.008894703976805918,0.01909722919311947
JPM,2026-02-23 00:00:00-05:00,305.84987743753925,308.028871901531,292.2807780649544,294.82623291015625,12955400,-0.04221490651923521,0.017949712849720436
JPM,2026-02-24 00:00:00-05:00,293.98432184665864,296.886322684036,288.5962907533433,294.459716796875,13554100,-0.0012431597747034617,0.017936680665874363
JPM,2026-02-25 00:00:00-05:00,295.78692074637365,300.75895068108485,294.1724883145502,300.4023742675781,8095500,0.020181563493122834,0.019892652703071948
JPM,2026-02-26 00:00:00-05:00,301.67017313360896,306.05787397622345,300.73918125790124,303.20538330078125,7007800,0.009330848466285513,0.019134476388865108
JPM,2026-02-27 00:00:00-05:00,297.13393894248406,300.0557680991628,291.636973162459,297.4310607910156,18620800,-0.01904426117671354,0.01819524218639869
JPM,2026-03-02 00:00:00-05:00,291.9935267958635,297.11414843979566,290.4088063693875,294.7172546386719,8508900,-0.00912415181227677,0.018390653211045226
JPM,2026-03-03 00:00:00-05:00,289.4975898716125,299.5011046657454,286.73423592223537,297.3914489746094,10278200,0.009073762373418282,0.017873504174191715
JPM,2026-03-04 00:00:00-05:00,297.12402886142485,298.12438947518206,292.99388398032096,296.52978515625,8055700,-0.0028974061672935036,0.017678904783781646
JPM,2026-03-05 00:00:00-05:00,295.1332451958745,298.3620800816865,289.63624924146006,290.74554443359375,12732500,-0.01950644087779707,0.01843185062277063
JPM,2026-03-06 00:00:00-05:00,283.6044306839189,287.21955415339994,280.99955170429564,286.7144470214844,13496500,-0.013864691959295294,0.017972279601786757
JPM,2026-03-09 00:00:00-04:00,282.7724816341387,288.31898819476027,277.77073879547015,287.1502685546875,12241100,0.0015200543179132442,0.013090314378389619
JPM,2026-03-10 00:00:00-04:00,286.52626625452876,289.9532025593205,284.43640849634494,285.97161865234375,8344900,-0.004104644959157633,0.013089669257620395
JPM,2026-03-11 00:00:00-04:00,286.05084727233185,287.7049062038017,282.1385715612803,284.7731628417969,10205000,-0.004190820810102247,0.010297322138557554
JPM,2026-03-12 00:00:00-04:00,280.1279843639117,281.16797137675815,276.43363807803536,280.18743896484375,13760500,-0.01610307597524796,0.00938821828206006
JPM,2026-03-13 00:00:00-04:00,281.9504072447318,284.4463214441296,280.2468381234208,280.7321472167969,9091200,0.0019440851951306737,0.008936348878189452
JPM,2026-03-16 00:00:00-04:00,283.6044205599556,286.506421278288,281.89093739443587,283.4261474609375,8149000,0.009596336831564134,0.010038154498285212
JPM,2026-03-17 00:00:00-04:00,286.23902796907333,288.97266988082987,283.2181783456238,284.1492004394531,8961200,0.002551115996153097,0.009288787917146856
JPM,2026-03-18 00:00:00-04:00,284.08971801136914,286.6450865635814,282.3960631878955,284.99102783203125,10057000,0.0029626245341398683,0.009581740293364656
JPM,2026-03-19 00:00:00-04:00,284.13928904174674,286.7441681021885,281.900870340191,285.2188720703125,9846700,0.0007994786362732764,0.007918842360590487
JPM,2026-03-20 00:00:00-04:00,285.3277943529036,287.9326733008621,282.5446423017302,283.82232666015625,22436500,-0.004896399035656973,0.006847188992746565
JPM,2026-03-23 00:00:00-04:00,291.4982779446762,292.9245231806114,285.2188513876401,287.14031982421875,11470800,0.01169038814918677,0.007931284680360622
JPM,2026-03-24 00:00:00-04:00,283.4360748065673,292.6571288676103,282.64369950840546,289.6065368652344,11092300,0.00858889146089048,0.008207878916574861
JPM,2026-03-25 00:00:00-04:00,291.3398308899875,294.7965097163498,289.6461758443202,292.59771728515625,12188200,0.010328428537211387,0.008411451478271811
JPM,2026-03-26 00:00:00-04:00,289.78478993876473,292.1717693530369,287.95248830787267,288.87359619140625,8669200,-0.012727785877155617,0.007599579698812254
JPM,2026-03-27 00:00:00-04:00,286.3777093696089,287.3384134369941,279.05829538327214,280.13787841796875,9873300,-0.030240623887443308,0.01301883188811042
JPM,2026-03-30 00:00:00-04:00,282.01972478590784,284.50575515603197,279.6327451103039,281.0589904785156,11734400,0.0032880668110599753,0.012642309889909128
JPM,2026-03-31 00:00:00-04:00,285.71408872506316,292.25104134220237,282.22772810140145,291.3497314453125,12956900,0.03661416754282243,0.017348288420593744
JPM,2026-04-01 00:00:00-04:00,292.567989087923,295.8661624411999,290.1116710297465,292.5580749511719,11267200,0.004147398728892249,0.017354775457601366
JPM,2026-04-02 00:00:00-04:00,289.1212191631598,292.7957669317203,285.9616926535428,291.7855224609375,6669300,-0.002640680795986672,0.017431863619893705
JPM,2026-04-06 00:00:00-04:00,292.7412191857173,295.4987855589938,291.88509063240025,294.125,7142600,0.008017798550562727,0.017307933911938092
JPM,2026-04-07 00:00:00-04:00,291.8253790066561,296.8427544058445,291.38734983011653,296.0662536621094,7849100,0.006600097448735687,0.017120882587394866
JPM,2026-04-08 00:00:00-04:00,306.5888366699219,309.8640903908154,303.96066179364243,306.5888366699219,10590200,0.03554131170863384,0.019951411129687596
JPM,2026-04-09 00:00:00-04:00,305.5734164156603,309.8640846884941,304.73715687535,308.938232421875,6586600,0.0076630179280876565,0.019903315691142027
JPM,2026-04-10 00:00:00-04:00,308.6097380099313,308.9581744354404,305.344449093958,308.4803161621094,6069700,-0.0014822259329182463,0.01905049054969603
JPM,2026-04-13 00:00:00-04:00,306.0910825316173,312.33295236293975,304.0900871089203,312.2732238769531,8318200,0.01229546105901469,0.013935302465319382
JPM,2026-04-14 00:00:00-04:00,308.4305432499699,312.91036189245165,307.4847916064935,309.7247009277344,11455500,-0.008161195883457983,0.015064323361582884
JPM,2026-04-15 00:00:00-04:00,312.54203541599225,312.8307129741003,302.8954898881459,304.5579833984375,9885800,-0.01668164506679881,0.013932304306860785
JPM,2026-04-16 00:00:00-04:00,303.98059076810495,308.5599670410156,303.8312695552229,308.5599670410156,8208600,0.013140301225801565,0.014192669448794059
JPM,2026-04-17 00:00:00-04:00,311.068653468178,313.4877482505245,308.69932229637936,308.8984375,11082400,0.0010969357503831656,0.01400450393774423
JPM,2026-04-20 00:00:00-04:00,309.45594165814435,315.70777661938337,308.9780833700189,315.5683898925781,10772000,0.02159270356483467,0.014873978639555235
JPM,2026-04-21 00:00:00-04:00,316.0661368489313,318.8038038717339,311.3474041387296,311.5962829589844,7084300,-0.012587150870674635,0.016138142758148434
JPM,2026-04-22 00:00:00-04:00,313.43799038623484,313.73663281642627,310.5410372905177,311.6161804199219,5545900,6.385654138285624e-05,0.012141934310609004
JPM,2026-04-23 00:00:00-04:00,312.11395497732667,313.57736372602733,307.5047445243564,310.29217529296875,6969700,-0.004248833052150736,0.012075402585605988
JPM,2026-04-24 00:00:00-04:00,309.7545850384977,309.7545850384977,306.5092257615542,306.8974609375,5215300,-0.010940380150622708,0.012606871567728745
JPM,2026-04-27 00:00:00-04:00,305.50372444273444,311.1781431330245,305.50372444273444,310.232421875,7925300,0.01086669445655386,0.012453627641300926
JPM,2026-04-28 00:00:00-04:00,313.78643555890045,314.03531438457196,309.7745101043047,310.0532531738281,7398600,-0.00057753054980203,0.012168716277692867
JPM,2026-04-29 00:00:00-04:00,309.1771855961317,310.65052875636707,305.91189671624613,307.86309814453125,8031800,-0.007063802772193428,0.011013883047633689
JPM,2026-04-30 00:00:00-04:00,305.6928786901284,312.6913497643884,305.1951210592971,311.82525634765625,8865400,0.01286987049440036,0.010981412594145082
JPM,2026-05-01 00:00:00-04:00,312.54203812020876,314.6624601726697,310.43152018106696,311.06866455078125,6135400,-0.0024263326381473993,0.011038153351401903
JPM,2026-05-04 00:00:00-04:00,309.22694520939064,309.2568094519629,305.13539207341324,306.270263671875,7338200,-0.01542553598523233,0.009351919669420651
JPM,2026-05-05 00:00:00-04:00,306.32999740556414,309.5753869306937,305.42407485773,308.0124206542969,6316800,0.005688299482735193,0.009039168880686177
JPM,2026-05-06 00:00:00-04:00,310.0532528884956,314.84167905955115,309.95369528217543,313.4877624511719,8629500,0.01777636689210116,0.010850676841126594
JPM,2026-05-07 00:00:00-04:00,313.23887676443206,314.8814709002291,304.76706239082745,304.8964538574219,8359600,-0.027405562904829983,0.014020677057318605
JPM,2026-05-08 00:00:00-04:00,306.86759124184925,307.60426284206056,299.1523476664256,300.74517822265625,9464300,-0.01361536214096759,0.014241113634465149
JPM,2026-05-11 00:00:00-04:00,300.74515961007836,301.83026757429667,297.5395993270601,298.6545715332031,9512000,-0.006951422136867502,0.013560353428786547
JPM,2026-05-12 00:00:00-04:00,298.67447538308426,304.6873960201211,294.2245209852311,303.5126953125,9498200,0.016266698193691642,0.014966393624858184
JPM,2026-05-13 00:00:00-04:00,300.91440289675086,301.6411400127173,298.72428743531935,298.9034729003906,7709500,-0.01518625903724935,0.015481560591733437
JPM,2026-05-14 00:00:00-04:00,300.8945046380796,302.38777761395096,297.4699295162906,298.56500244140625,7364300,-0.0011323737917798837,0.014505141852607687
JPM,2026-05-15 00:00:00-04:00,298.86362628854243,299.44104214981957,295.1205095874812,296.4743957519531,8699300,-0.007002182681687286,0.014513703008270902
JPM,2026-05-18 00:00:00-04:00,296.6635495230975,299.908939014877,295.8870488301784,299.3813171386719,7546300,0.009804966055655173,0.014634295171654656
JPM,2026-05-19 00:00:00-04:00,299.7396822358739,300.436555061437,293.935841710235,294.3738708496094,8066900,-0.01672598122328084,0.015007747285263294
JPM,2026-05-20 00:00:00-04:00,295.3694126574367,301.57145376364997,292.35300240137923,300.625732421875,9327000,0.021237827780780094,0.015604556175383219
JPM,2026-05-21 00:00:00-04:00,299.8790926087445,302.6167597554335,298.8636475324957,301.6411437988281,7874400,0.0033776595528693942,0.013365533793856311
JPM,2026-05-22 00:00:00-04:00,303.31359328873907,306.07119010408854,302.4773640852478,305.0059814453125,5973900,0.011155101734823258,0.013058052071386312
JPM,2026-05-26 00:00:00-04:00,307.1065011172144,308.54004556072954,304.0701916446211,305.3643493652344,7725400,0.0011749537442633518,0.012723308979409624
JPM,2026-05-27 00:00:00-04:00,303.63215366632585,304.52811132231307,294.42363753054383,297.93780517578125,11779200,-0.02432027250362001,0.01416389448223592
JPM,2026-05-28 00:00:00-04:00,296.23549066837876,299.7197941661088,294.4236455581874,295.3992614746094,9757700,-0.008520381291236778,0.013607841574579392
JPM,2026-05-29 00:00:00-04:00,295.070728717322,298.53513289689414,293.87612858626386,297.9676818847656,13969000,0.008694742151130974,0.0139552536754798
JPM,2026-06-01 00:00:00-04:00,296.3549462063085,298.20659004481905,293.94578586060317,295.2499084472656,7930000,-0.00912103426891464,0.014086950473305559
JPM,2026-06-02 00:00:00-04:00,295.17027051801705,300.7152977310929,293.9457758280521,299.6102600097656,8296200,0.014768341793673478,0.014562895319876486
JPM,2026-06-03 00:00:00-04:00,298.5749714904202,300.60580089187994,295.23002417973413,299.50079345703125,7003900,-0.0003653631645685884,0.01331948512242834
JPM,2026-06-04 00:00:00-04:00,304.36883009196185,311.5066879726736,303.0746723882986,309.4957580566406,10345200,0.033372080535216675,0.015637289105842892
JPM,2026-06-05 00:00:00-04:00,312.8805189963161,313.58732636819616,308.211549706599,310.9691162109375,9118800,0.004760511625581776,0.01564689940872197
JPM,2026-06-08 00:00:00-04:00,311.84516953437026,314.88147906470095,309.3862455138746,309.7147521972656,6827000,-0.004033725371046182,0.015521251121073346
JPM,2026-06-09 00:00:00-04:00,312.1040028799189,315.0009559692908,307.62418415256917,311.2976379394531,11594600,0.005110785750300106,0.015557978944257374
JPM,2026-06-10 00:00:00-04:00,311.1582462393224,313.3384270822022,307.64407859799763,307.75360107421875,7446200,-0.011384721351222371,0.013528665969502454
JPM,2026-06-11 00:00:00-04:00,308.1717081621576,313.30857066124145,307.4947650619962,312.0840759277344,9116600,0.014071240233745508,0.01321284129136647
JPM,2026-06-12 00:00:00-04:00,314.5529794375797,319.85906276888113,314.1348496322589,319.28167724609375,7426200,0.023063020107523924,0.014322914192057093
JPM,2026-06-15 00:00:00-04:00,322.4673390673774,324.4583697274161,317.41010417767774,317.96759033203125,7988900,-0.004115760495237097,0.013772914471207487
JPM,2026-06-16 00:00:00-04:00,322.8455866314347,330.26218746993305,322.56684357389287,329.6549377441406,11094900,0.03675641092824922,0.01653587417398794
JPM,2026-06-17 00:00:00-04:00,330.69024974688585,336.25517637046335,330.01330666560995,331.9645080566406,12246400,0.0070060237177231866,0.016196991365379748
JPM,2026-06-18 00:00:00-04:00,335.4388795655989,336.57375116590936,322.70623086248213,323.761474609375,20111000,-0.024710573715507,0.017434949737106267
JPM,2026-06-22 00:00:00-04:00,328.22139226156105,331.2776010100568,325.28461010223134,329.993408203125,10182500,0.019248533511496246,0.018036520616446578
JPM,2026-06-23 00:00:00-04:00,327.9924099173137,333.86594380335947,325.7425357353925,332.6414794921875,7582200,0.008024618744603806,0.017683290900434905
JPM,2026-06-24 00:00:00-04:00,331.57628916780243,333.02973300317086,328.291070440402,331.95458984375,7907400,-0.002064954886221937,0.01792623602794713
JPM,2026-06-25 00:00:00-04:00,333.4577793441399,341.90972446819404,333.2586945227413,333.6170654296875,10043100,0.005008141585630899,0.016815035343881516
JPM,2026-06-26 00:00:00-04:00,334.49312290223526,334.8913229247855,326.03124330500606,327.57427978515625,17640900,-0.018112939266905714,0.018561822622552463
JPM,2026-06-29 00:00:00-04:00,326.80774304304947,330.8993264933345,325.73259994718205,327.91278076171875,7981800,0.0010333563941116175,0.017455511662645376
JPM,2026-06-30 00:00:00-04:00,327.41503128103255,328.95806779511634,325.2149206632551,325.86199951171875,8080100,-0.006254044887290422,0.01756251027303213
JPM,2026-07-01 00:00:00-04:00,326.89735842569155,334.13477419390347,323.5524415571975,332.5718078613281,15210200,0.020590950646787842,0.014555052794048189
JPM,2026-07-02 00:00:00-04:00,336.5040683580973,338.4751995750331,330.2820977776739,332.9700012207031,8413900,0.001197315436734403,0.01440281734570581
JPM,2026-07-06 00:00:00-04:00,335.0,339.7200012207031,334.1099853515625,337.7200012207031,8673500,0.014265549396600186,0.011912074737768986
JPM,2026-07-07 00:00:00-04:00,340.9800109863281,341.3999938964844,337.0899963378906,339.2200012207031,7115800,0.004441549196311012,0.01070579518505676
JPM,2026-07-08 00:00:00-04:00,336.5299987792969,336.5299987792969,330.1300048828125,330.6199951171875,18505200,-0.025352296658711193,0.013687969242000882
JPM,2026-07-09 00:00:00-04:00,331.4599914550781,337.0,330.80999755859375,335.4700012207031,15570600,0.01466942766663748,0.014478838737778511
JPM,2026-07-10 00:00:00-04:00,337.4700012207031,338.5899963378906,335.7699890136719,336.4700012207031,6299000,0.002980892468361418,0.014432916124058715
JPM,2026-07-13 00:00:00-04:00,338.3399963378906,338.3500061035156,332.5,334.5299987792969,7120300,-0.005765751580729228,0.01308664009684218
JPM,2026-07-14 00:00:00-04:00,327.0,344.7300109863281,325.75,342.8900146484375,14537900,0.02499033240560311,0.014917964014944727
JPM,2026-07-15 00:00:00-04:00,345.8500061035156,351.239990234375,344.04998779296875,346.9100036621094,10750000,0.011723843920603993,0.014546393579939426
JPM,2026-07-16 00:00:00-04:00,349.2799987792969,349.3399963378906,341.1099853515625,343.1499938964844,12432400,-0.010838574056478478,0.014528741663786858
JPM,2026-07-17 00:00:00-04:00,339.0299987792969,346.1300048828125,335.04998779296875,341.1000061035156,9250900,-0.00597402835328964,0.014814467957561467
JPM,2026-07-20 00:00:00-04:00,341.79998779296875,344.260009765625,337.3699951171875,338.8699951171875,7723300,-0.006537704328423155,0.014436747012026161
JPM,2026-07-21 00:00:00-04:00,340.1199951171875,345.739990234375,337.29998779296875,345.2300109863281,6014200,0.018768306314465022,0.015546862263407995
BAC,2025-07-22 00:00:00-04:00,46.585213021282826,47.14306087961603,46.44819828181455,46.751590728759766,34749400,,
BAC,2025-07-23 00:00:00-04:00,46.986467492025376,47.28007474325922,46.79073430236452,47.11369705200195,31380100,0.007745326257303953,
BAC,2025-07-24 00:00:00-04:00,47.45623824946165,47.9553638633148,47.182205060121625,47.358367919921875,42967600,0.005193200347870519,
BAC,2025-07-25 00:00:00-04:00,47.358369170354564,47.514957968381374,46.91796200922559,47.417091369628906,24461200,0.0012399804361147293,
BAC,2025-07-28 00:00:00-04:00,47.41709323232174,47.505174668007655,47.05498232266703,47.2017822265625,20590400,-0.0045407496927218904,
BAC,2025-07-29 00:00:00-04:00,47.35836788331721,47.475808545302826,46.869027436110585,46.92774963378906,26216500,-0.005805556058415706,
BAC,2025-07-30 00:00:00-04:00,47.23114168955802,47.466026763649275,46.72223087354157,46.937538146972656,32265900,0.00020858688643676793,
BAC,2025-07-31 00:00:00-04:00,46.74179671388989,47.006040996824815,46.18394891659546,46.262245178222656,40016300,-0.014387055551049466,
BAC,2025-08-01 00:00:00-04:00,45.37164658240394,45.42057988014843,44.353817562484835,44.68656921386719,52310400,-0.0340596518453713,
BAC,2025-08-04 00:00:00-04:00,44.9801721256855,45.12697575030585,44.66699454430859,44.87251663208008,31038900,0.004161147778495966,
BAC,2025-08-05 00:00:00-04:00,44.97038810924239,45.019321407576356,43.795970282370476,44.58870315551758,36798300,-0.006324884313700374,0.01224906634779659
BAC,2025-08-06 00:00:00-04:00,44.735505230015264,44.96060140001518,44.42232762537438,44.45168685913086,27916800,-0.0030728926093416264,0.011485960976803327
BAC,2025-08-07 00:00:00-04:00,44.73550394590511,44.78443724521848,43.82533039186501,43.962345123291016,30609900,-0.011008395190728937,0.010900341148485388
BAC,2025-08-08 00:00:00-04:00,44.18744371013461,45.31292449445964,44.02106601735619,45.02910614013672,37131600,0.024265334659786753,0.014691244099998944
BAC,2025-08-11 00:00:00-04:00,45.07804435141989,45.528236676935,44.83337412233063,45.17591094970703,35559400,0.0032602203808673735,0.014926891563165632
BAC,2025-08-12 00:00:00-04:00,45.48909159943578,46.6439354569691,45.37165092692931,46.48734664916992,35481200,0.029029535252158345,0.018229711770035035
BAC,2025-08-13 00:00:00-04:00,46.66350936943648,46.74180190638988,45.988220838055376,46.23289108276367,29465100,-0.005473652181669397,0.01828350889110055
BAC,2025-08-14 00:00:00-04:00,46.086082369615035,46.7124375297821,45.89034544872001,46.69286346435547,21073800,0.009949029161260503,0.017974042518002237
BAC,2025-08-15 00:00:00-04:00,46.73201436013328,46.80052172649412,45.90013706382504,45.93928146362305,26276900,-0.016139125871080795,0.014672159771768823
BAC,2025-08-18 00:00:00-04:00,45.91970698863184,47.01583230739942,45.79248115701978,46.89838790893555,43125100,0.020877698012581325,0.015749059054646786
BAC,2025-08-19 00:00:00-04:00,46.80052209744246,47.09412563179772,46.61457406347081,47.05498123168945,33783400,0.003338991588750728,0.015298602621116365
BAC,2025-08-20 00:00:00-04:00,47.14305482992569,47.46602130297439,46.849451321117606,47.319217681884766,30822200,0.005615483064253413,0.015001291684731598
BAC,2025-08-21 00:00:00-04:00,47.240929036727,47.45624003645081,46.79073670400584,47.23114013671875,28713200,-0.0018613482952769544,0.01407401364194127
BAC,2025-08-22 00:00:00-04:00,47.48559993948107,48.60129562038325,47.426877738717764,48.425132751464844,45078900,0.025279775404317473,0.014212965674349414
BAC,2025-08-25 00:00:00-04:00,48.337051317005646,48.60129562038325,48.16088844808725,48.425132751464844,34715700,0.0,0.014354845880839021
BAC,2025-08-26 00:00:00-04:00,48.20003386160628,49.1884999184198,48.20003386160628,49.178714752197266,40609300,0.015561795247936105,0.012587827366881077
BAC,2025-08-27 00:00:00-04:00,48.96340957241363,49.550620416479376,48.924265169506654,49.30595016479492,42428200,0.0025872049165736044,0.012037820888812126
BAC,2025-08-28 00:00:00-04:00,49.47231938703127,49.56040081850329,49.20807509261522,49.41360092163086,32949400,0.0021833218197020443,0.012042585829827463
BAC,2025-08-29 00:00:00-04:00,49.433171891377846,49.83443092139292,49.433171891377846,49.65827178955078,32496500,0.00495148832217196,0.009324247517229683
BAC,2025-09-02 00:00:00-04:00,49.14935956590451,49.39402980869237,48.611082045073914,49.3450927734375,52719800,-0.006306683757350995,0.00906429581438528
BAC,2025-09-03 00:00:00-04:00,49.32551899024272,49.49189295168621,48.64044161166714,48.992767333984375,38344200,-0.0071400299330834915,0.009865331617278827
BAC,2025-09-04 00:00:00-04:00,49.16892884534138,49.74635071142718,49.05148445221218,49.54082489013672,34796900,0.011186499272764605,0.010115361238064386
BAC,2025-09-05 00:00:00-04:00,49.6392390937748,49.98368492587328,48.448449333808746,48.97987747192383,40063300,-0.011322932540119512,0.011178152528716175
BAC,2025-09-08 00:00:00-04:00,49.00939953957086,49.11765383565335,48.10400679803925,48.67479705810547,48033100,-0.006228688791498849,0.008550831016445382
BAC,2025-09-09 00:00:00-04:00,48.71416365437827,49.75733699523411,48.67479777265455,49.49162292480469,40060100,0.01678128962148806,0.009961791198271687
BAC,2025-09-10 00:00:00-04:00,49.57035145029903,49.826225930030546,49.176703891374075,49.334163665771484,31706300,-0.0031815335551319546,0.008878044400226678
BAC,2025-09-11 00:00:00-04:00,49.34400033651337,50.15098210176845,49.19638391846149,49.94431686401367,28055200,0.012367762072057031,0.009656392276648275
BAC,2025-09-12 00:00:00-04:00,49.89511339073358,50.121461577459584,49.65892185659418,49.77701950073242,27851100,-0.003349677676776741,0.00975996642712869
BAC,2025-09-15 00:00:00-04:00,50.042732152322124,50.27892369749462,49.65892417628692,49.786861419677734,29043600,0.0001977201335883194,0.009649121964071748
BAC,2025-09-16 00:00:00-04:00,49.83606809551501,50.07225964636945,49.41289422608141,49.855751037597656,31624400,0.0013836907158941703,0.009366347517397714
BAC,2025-09-17 00:00:00-04:00,50.05257528968621,50.81035164483366,49.98368687141256,50.58400344848633,38337900,0.01460718965680563,0.009764667675652363
BAC,2025-09-18 00:00:00-04:00,50.6725748278913,51.361459010894386,50.485588760387124,51.30241394042969,35246900,0.014202325695216622,0.010078744985070474
BAC,2025-09-19 00:00:00-04:00,51.32209457457344,51.823996421644566,50.938282863122495,51.42050552368164,98970700,0.0023018718649199243,0.00866754388863671
BAC,2025-09-22 00:00:00-04:00,50.93828530805681,51.51891894559339,50.93828530805681,51.09574508666992,27468000,-0.006315776822967023,0.008680011892037997
BAC,2025-09-23 00:00:00-04:00,51.1744747320581,52.04050535560516,50.702095415797096,50.87923812866211,28278200,-0.004237279594231702,0.008001448953628794
BAC,2025-09-24 00:00:00-04:00,51.026854553291564,51.42050586057761,50.64304659346306,50.87923812866211,27010400,0.0,0.007797954106462412
BAC,2025-09-25 00:00:00-04:00,50.66272665569107,51.49923469761102,50.62336077637173,51.026851654052734,22957900,0.0029012526684724094,0.007092705276190074
BAC,2025-09-26 00:00:00-04:00,51.28273070962011,51.78463257642512,51.15479346743953,51.381141662597656,20025800,0.0069432072930328825,0.006948208455612947
BAC,2025-09-29 00:00:00-04:00,51.52875782144309,51.71574011915067,51.282726704078776,51.58780288696289,23701000,0.004022122079776036,0.006869498492573194
BAC,2025-09-30 00:00:00-04:00,51.64685488064093,51.73542623850082,50.21003396792461,50.7709846496582,29945000,-0.01583355350671678,0.009232542969710293
BAC,2025-10-01 00:00:00-04:00,50.485587213095236,50.85955558250491,49.75733716934374,49.875431060791016,27709100,-0.017639082539897433,0.00989300589097123
BAC,2025-10-02 00:00:00-04:00,49.84590724250976,50.042729138473014,49.275113232632656,49.67860412597656,22757200,-0.003946370600277138,0.008247629860026655
BAC,2025-10-03 00:00:00-04:00,49.816384257978186,50.31828988672058,49.74749583899586,49.83606719970703,24565700,0.0031696356308879015,0.008316001063930281
BAC,2025-10-06 00:00:00-04:00,50.12146263225794,50.50527059844169,49.097972219676485,49.59003448486328,25386300,-0.00493684049862575,0.00826792857396254
BAC,2025-10-07 00:00:00-04:00,49.74749364773463,50.10177907497386,49.334163152046926,49.49162292480469,24107300,-0.001984502755057238,0.008259815861888523
BAC,2025-10-08 00:00:00-04:00,49.59987432466926,49.708124861879426,48.98971445601076,49.048763275146484,24014200,-0.008948173922909364,0.00841440189167188
BAC,2025-10-09 00:00:00-04:00,49.20622656037511,49.48178022778932,48.8814636630908,48.99956130981445,21816900,-0.00100312346421505,0.00816479896542549
BAC,2025-10-10 00:00:00-04:00,49.13734092871394,49.34400619098875,47.77924794751004,47.877662658691406,31831900,-0.02289609582480756,0.00911232786324474
BAC,2025-10-13 00:00:00-04:00,48.418926364700106,48.61575201639692,48.0351184086667,48.08432388305664,34462800,0.004316443470485876,0.009152270456862897
BAC,2025-10-14 00:00:00-04:00,48.07448368747265,49.69829072775726,47.75956412576636,49.2947998046875,42462600,0.025174023962046155,0.01308265897529024
BAC,2025-10-15 00:00:00-04:00,50.75130373732332,52.01098198467492,50.41670123360338,51.45003128051758,69992200,0.043721274543550015,0.018608369815699875
BAC,2025-10-16 00:00:00-04:00,51.76494911336676,51.922408889026435,49.20622682036277,49.63924026489258,49027700,-0.03519513925564288,0.022226296795154615
BAC,2025-10-17 00:00:00-04:00,50.14114509605932,50.948126902952886,49.530988944194284,50.465904235839844,48915400,0.01665343721088175,0.022831169850308648
BAC,2025-10-20 00:00:00-04:00,50.623363525177325,51.450028265086196,50.55447510969634,51.21384048461914,25786000,0.014820625135021803,0.023066862337407623
BAC,2025-10-21 00:00:00-04:00,51.26304955708447,51.53860323834715,50.6233670779963,50.70209884643555,27303400,-0.009992252745374186,0.023413489587965793
BAC,2025-10-22 00:00:00-04:00,50.68241629053452,50.76114805957371,49.6392428755894,50.28876495361328,34955000,-0.008152204784937056,0.023370936471620852
BAC,2025-10-23 00:00:00-04:00,50.66272835672596,50.97764789358053,50.29860334613855,50.93828201293945,26028800,0.012915748874033683,0.02353681898294842
BAC,2025-10-24 00:00:00-04:00,51.02685320895575,51.981455163785704,51.02685320895575,51.73542404174805,38923900,0.01564917381010411,0.02170262819807321
BAC,2025-10-27 00:00:00-04:00,51.96177509074247,52.22748916770151,51.696061013783435,52.17828369140625,27345800,0.008560085432001818,0.021664246839012177
BAC,2025-10-28 00:00:00-04:00,52.158599775909074,52.43415344132585,51.50907774018588,52.030662536621094,29575200,-0.0028291684651458038,0.021058731651370635
BAC,2025-10-29 00:00:00-04:00,51.82400160642345,52.16844371689924,51.489399090188066,51.74527359008789,29158800,-0.005485014655201348,0.016398656556550963
BAC,2025-10-30 00:00:00-04:00,51.83383258101886,52.591608852189545,51.72558204582604,52.18811798095703,37548600,0.00855816116419117,0.010554497305914855
BAC,2025-10-31 00:00:00-04:00,51.951933663546654,52.78843799345407,51.9322507228958,52.60145568847656,39295700,0.007920149710521462,0.009825672518908753
BAC,2025-11-03 00:00:00-05:00,52.41446881643379,52.78843717472577,51.8732010964099,52.70970916748047,31252300,0.002057993977296446,0.009094003130181263
BAC,2025-11-04 00:00:00-05:00,52.17828392938061,53.14272553488767,51.88304731612535,52.69002914428711,47226600,-0.0003733661882069361,0.008021987752222008
BAC,2025-11-05 00:00:00-05:00,52.11923431803725,52.22748861722815,50.91860494171123,51.617332458496094,54353600,-0.020358627679888497,0.010578073037331076
BAC,2025-11-06 00:00:00-05:00,52.57192991371738,52.89669280642169,51.93225122993594,52.44399642944336,55296000,0.016015240067122072,0.010950761757361666
BAC,2025-11-07 00:00:00-05:00,52.30622131167867,52.729395168327805,51.87320410721691,52.35542678833008,40537700,-0.0016888423297877209,0.010056540446729339
BAC,2025-11-10 00:00:00-05:00,52.562094152267605,53.13288821591636,52.493205731363425,52.57193374633789,26094600,0.004135329827090084,0.009792439212514867
BAC,2025-11-11 00:00:00-05:00,52.89669267603035,53.12304086396156,52.43415295270212,52.77859878540039,22244300,0.003931090685377336,0.009747675735997037
BAC,2025-11-12 00:00:00-05:00,53.034471773344464,53.82177066807658,52.91637787766896,53.250980377197266,40536700,0.008950248825619456,0.0096716301930715
BAC,2025-11-13 00:00:00-05:00,52.93605905092026,53.34938954904541,51.93225158586857,52.030662536621094,37716100,-0.02291634505002893,0.012374687585245936
BAC,2025-11-14 00:00:00-05:00,52.02082284809795,52.06018872998184,51.2039976926242,51.7747917175293,32363100,-0.004917692887568048,0.012097726536385033
BAC,2025-11-17 00:00:00-05:00,51.74527431979663,51.74527431979663,50.574163619389125,50.66273498535156,35546800,-0.021478729228788573,0.013529847163788185
BAC,2025-11-18 00:00:00-05:00,50.465904996126135,51.351618580029545,50.33797150944678,50.8201904296875,35189500,0.0031079144144401383,0.013673839451085698
BAC,2025-11-19 00:00:00-05:00,50.84971461025395,51.656700209561265,50.84971461025395,51.19416046142578,28112300,0.007358690091011866,0.012652885811443993
BAC,2025-11-20 00:00:00-05:00,51.66653633117676,52.10939310769997,50.160827045134894,50.19034957885742,36661600,-0.019607917651559448,0.012420791110833012
BAC,2025-11-21 00:00:00-05:00,50.475748630837494,50.95796755382041,49.895115001229456,50.74146270751953,43867200,0.010980460054302199,0.013330947984256474
BAC,2025-11-24 00:00:00-05:00,50.83002954515214,51.410663123113615,50.583998431679255,51.10558319091797,52852100,0.0071759950141223605,0.013545884297821376
BAC,2025-11-25 00:00:00-05:00,51.420506211349206,52.04050571060616,51.03669824890251,51.646854400634766,41310100,0.01059123438029741,0.014064230174138605
BAC,2025-11-26 00:00:00-05:00,51.8633609338983,52.404628647979614,51.71574075999568,52.14875793457031,32045600,0.00971798843821503,0.014133033011130463
BAC,2025-11-28 00:00:00-05:00,52.26685447522105,53.08367588431778,52.20780565183422,52.798282623291016,18920800,0.012455228359142145,0.012666433638519688
BAC,2025-12-01 00:00:00-05:00,52.6506613706098,53.0443126769047,52.36526436125284,52.39479064941406,30536500,-0.007642142013516207,0.012848715337139768
BAC,2025-12-02 00:00:00-05:00,52.68018737554006,52.78844167961049,52.12908001538123,52.345584869384766,46073500,-0.0009391349677975169,0.01017165474428993
BAC,2025-12-03 00:00:00-05:00,52.4046280197659,53.37891289674236,52.33573960720702,53.231292724609375,37134400,0.016920392759669722,0.011040405291303434
BAC,2025-12-04 00:00:00-05:00,53.34939163452632,53.82177097405104,53.14272637738499,53.30018615722656,38529600,0.00129422805817625,0.011044762021652058
BAC,2025-12-05 00:00:00-05:00,53.3496491277251,54.239965562888344,53.16169511303355,53.36943435668945,33986500,0.0012992112121075206,0.007454853562309972
BAC,2025-12-08 00:00:00-05:00,53.319969177246094,53.626630769107166,52.914381447973156,53.319969177246094,34386600,-0.0009268447387462686,0.00755414033177818
BAC,2025-12-09 00:00:00-05:00,53.3892172694798,53.69587887100708,52.69674938035476,52.963844299316406,47189300,-0.006679015074931072,0.008339360708841117
BAC,2025-12-10 00:00:00-05:00,53.013306764705234,53.962975094880214,52.765997067869264,53.4980354309082,54424400,0.010085958424258301,0.008293762128849217
BAC,2025-12-11 00:00:00-05:00,53.36943360588613,54.0619015153107,53.17158509267246,53.972869873046875,35686900,0.008875736058605588,0.008228279970480947
BAC,2025-12-12 00:00:00-05:00,54.19049668168935,54.704901276593596,53.76512372385789,54.54662322998047,40539400,0.010630402983631493,0.008024693029679314
BAC,2025-12-15 00:00:00-05:00,54.81371813011977,55.46661554397275,54.47737680942906,54.734580993652344,32881300,0.0034458185042802736,0.007053272471358912
BAC,2025-12-16 00:00:00-05:00,54.54662351867443,54.75436274839496,54.10146533095448,54.220176696777344,32931900,-0.009398159034681552,0.00818179971950955
BAC,2025-12-17 00:00:00-05:00,54.526840349523276,54.97199855404874,53.87394290743475,53.962974548339844,35304100,-0.004743661199702154,0.007037737257813405
BAC,2025-12-18 00:00:00-05:00,54.210283897202075,54.556519731247164,53.19136917061767,53.67609405517578,87452700,-0.005316246844529915,0.007351045768957225
BAC,2025-12-19 00:00:00-05:00,53.93329902988718,54.71479857598547,53.79480620372222,54.675228118896484,73001900,0.01861413505039411,0.009285420462007515
BAC,2025-12-22 00:00:00-05:00,54.77414974829854,55.50618809997334,54.74447379270579,55.278663635253906,33408800,0.011036726084529436,0.009567169117656132
BAC,2025-12-23 00:00:00-05:00,55.2094168033676,55.61500454585286,55.2094168033676,55.36769485473633,22274600,0.0016105892152147305,0.008908732970117888
BAC,2025-12-24 00:00:00-05:00,55.525972429098196,55.89198971218533,55.2885534672615,55.64468002319336,13634400,0.005002649454410868,0.008696066065543285
BAC,2025-12-26 00:00:00-05:00,55.67435336084744,55.94144826523921,55.42704368348242,55.56553649902344,15259400,-0.001422301721151653,0.008661018901525513
BAC,2025-12-29 00:00:00-05:00,55.50618758667139,55.6446804096854,54.6752268749409,54.754364013671875,21040100,-0.014598482017101011,0.009776548653657442
BAC,2025-12-30 00:00:00-05:00,54.892862644773054,55.041246200510436,54.57630275717758,54.68511962890625,17427600,-0.0012646368196028712,0.009728086401180907
BAC,2025-12-31 00:00:00-05:00,54.72468674034462,54.823609104787465,54.3388842359127,54.40813064575195,16293000,-0.0050651618764655515,0.009354674456232677
BAC,2026-01-02 00:00:00-05:00,54.437810172803275,55.387482292549244,54.28942661640143,55.3479118347168,25503600,0.017272807902254605,0.010530357773738197
BAC,2026-01-05 00:00:00-05:00,55.565536984973,56.93068747258782,55.53586103099645,56.27779006958008,36096600,0.01680060193851829,0.010998208116892795
BAC,2026-01-06 00:00:00-05:00,56.39649980044141,56.792196812168655,56.139299384371164,56.63391876220703,31791900,0.006328050411834596,0.00991644502082808
BAC,2026-01-07 00:00:00-05:00,56.079944459621935,56.198655828934825,54.84339599829422,55.04124450683594,49695500,-0.028122268248085946,0.013663962009164064
BAC,2026-01-08 00:00:00-05:00,54.88296772927381,55.971132664700406,54.87307700175792,55.575435638427734,30933700,0.009705288032240134,0.014027668938993737
BAC,2026-01-09 00:00:00-05:00,55.56554140360421,56.00080888931979,55.18963337785451,55.248985290527344,30768800,-0.0058740042997461606,0.014058262700512029
BAC,2026-01-12 00:00:00-05:00,54.695014554329184,54.85329261253117,54.14103946379894,54.59608840942383,45860600,-0.011817355154492892,0.014501190487424159
BAC,2026-01-13 00:00:00-05:00,54.67522688246424,54.92253657320798,53.71566407481166,53.95308303833008,43542200,-0.011777498898304928,0.014246809544107886
BAC,2026-01-14 00:00:00-05:00,52.3109458782021,52.9044876155845,51.1040734020587,51.91524887084961,84750000,-0.03777048599859856,0.0183109778579418
BAC,2026-01-15 00:00:00-05:00,52.152669021423264,52.46922512507848,51.6679403650251,52.02406692504883,51018300,0.0020960711268076526,0.018449050565767233
BAC,2026-01-16 00:00:00-05:00,52.1229892171616,52.805566380771594,51.687725518674945,52.39997863769531,52178400,0.007225727146400462,0.01738565846291627
BAC,2026-01-20 00:00:00-05:00,51.75697088989443,52.90448768433222,51.40084433754368,51.539337158203125,49172700,-0.016424462411384733,0.015789970848227378
BAC,2026-01-21 00:00:00-05:00,51.66794068096929,52.291162164821735,51.48987739986859,51.50966262817383,36340000,-0.0005757646812222239,0.015202664195977966
BAC,2026-01-22 00:00:00-05:00,51.905359569095864,52.5582570076032,51.76686674481346,51.88557434082031,31229200,0.007297887298544969,0.014446121087151141
BAC,2026-01-23 00:00:00-05:00,51.549231768236695,51.638263406513204,50.82708793494777,51.163429260253906,34553500,-0.013918031933555564,0.01353308533263736
BAC,2026-01-26 00:00:00-05:00,51.24256752648122,51.71740168319926,51.113965429772236,51.460201263427734,27728400,0.005800471302739085,0.014236862469444257
BAC,2026-01-27 00:00:00-05:00,51.64815581455375,51.68772627144149,51.25246256661577,51.608585357666016,26494300,0.0028834728702029633,0.014440134906485677
BAC,2026-01-28 00:00:00-05:00,51.39095329955784,51.57890730165186,50.757841109718726,51.25246047973633,35030200,-0.0069004967964461095,0.014286714741340715
BAC,2026-01-29 00:00:00-05:00,51.420631760626776,52.51868741937261,51.390955804546024,52.50879669189453,35200500,0.024512700471325033,0.011783816273879609
BAC,2026-01-30 00:00:00-05:00,52.301051841398035,52.83524167396801,52.202129475505686,52.62750244140625,34549100,0.0022606831043614495,0.011785322364511021
BAC,2026-02-02 00:00:00-05:00,52.627504023662986,53.50792593697261,52.38019432785033,53.448570251464844,34624500,0.015601496783411717,0.01253373710449442
BAC,2026-02-03 00:00:00-05:00,53.61674212617494,54.526839983860256,53.10233751257811,53.864051818847656,41208400,0.0077734832836136025,0.010783556631791995
BAC,2026-02-04 00:00:00-05:00,54.19050062487228,55.436943634588864,54.1212542102932,54.7840461730957,54522500,0.017079932221625516,0.011298069426359626
BAC,2026-02-05 00:00:00-05:00,54.42791868555648,54.695013611728015,53.66620436432207,54.348777770996094,32959700,-0.007945167115337437,0.0121365220720629
BAC,2026-02-06 00:00:00-05:00,54.95221167188521,56.25800651676454,54.695011257925614,55.92166519165039,42468000,0.028940621761207153,0.012390289396105222
BAC,2026-02-09 00:00:00-05:00,55.783174213696384,56.10962482252441,55.575434975522086,55.80295944213867,31968400,-0.002122714856664265,0.012862024041161749
BAC,2026-02-10 00:00:00-05:00,55.8326338032583,56.21844008639358,53.68598752281119,54.7939338684082,48304700,-0.018081936582175606,0.015303438685501653
BAC,2026-02-11 00:00:00-05:00,55.367692818363686,55.50618563651188,52.667071543535066,53.270503997802734,48973500,-0.027802892821386038,0.0183937040662704
BAC,2026-02-12 00:00:00-05:00,53.32985996108509,53.359535915517185,51.232674903116816,51.95481872558594,55481600,-0.02469819456318767,0.018878934043775435
BAC,2026-02-13 00:00:00-05:00,51.35138485567487,52.25159199342146,50.88644142208004,51.9844970703125,31772100,0.0005712337268140022,0.018855056313719292
BAC,2026-02-17 00:00:00-05:00,52.469225712779426,52.97373582936637,52.05374346354918,52.172454833984375,35542400,0.0036156503239350712,0.018041023693781837
BAC,2026-02-18 00:00:00-05:00,52.41976456867928,53.03309155514433,52.221916058115774,52.78578186035156,30698900,0.011755763234044148,0.018328931410378696
BAC,2026-02-19 00:00:00-05:00,51.351387186558114,52.24170363733354,51.27225004295954,52.20213317871094,47148600,-0.011056929746436461,0.01722320197689527
BAC,2026-02-20 00:00:00-05:00,51.96471074936633,52.51868581235043,51.27224663769419,52.489009857177734,33552000,0.005495497233507507,0.017463067368550717
BAC,2026-02-23 00:00:00-05:00,52.27137697207726,52.68685544583059,50.34236060793832,50.520423889160156,50602500,-0.037504726672766164,0.016426719410547748
BAC,2026-02-24 00:00:00-05:00,50.19397377883414,50.332466594376335,48.937640164971654,49.867523193359375,53062700,-0.012923499953864548,0.01620607696534944
BAC,2026-02-25 00:00:00-05:00,49.788389351540594,51.212891828868806,49.76860412320523,51.133750915527344,41375000,0.025391831017117505,0.019591452426830806
BAC,2026-02-26 00:00:00-05:00,51.32170796372495,52.10320371673696,51.183215141005,51.737186431884766,52418500,0.011801119721381204,0.01884372694920799
BAC,2026-02-27 00:00:00-05:00,50.53031830183506,50.85676513440696,48.78925594929679,49.29376983642578,77728700,-0.04722747338949118,0.022709040063762783
BAC,2026-03-02 00:00:00-05:00,48.255068269165534,49.877419324706416,48.05722352475059,49.27398681640625,40595200,-0.0004013290134874392,0.022684559574616188
BAC,2026-03-03 00:00:00-05:00,48.235280643981085,49.966448487145044,47.97808022482972,49.4322624206543,51242900,0.0032121533992728324,0.022667676141299206
BAC,2026-03-04 00:00:00-05:00,49.35312121254641,49.86752582141708,48.68043855276525,49.75870895385742,34208500,0.006603916495368178,0.022296365270451916
BAC,2026-03-05 00:00:00-05:00,49.28387754416835,49.88731382611513,48.79915263724647,49.27398681640625,39073900,-0.009741453257974708,0.02226485018660951
BAC,2026-03-06 00:00:00-05:00,48.299049186089405,48.44827536920504,47.37385595872319,48.38858413696289,47016000,-0.017968967738339336,0.022210229190683124
BAC,2026-03-09 00:00:00-04:00,47.692198957491286,47.9011163612411,46.52824845578742,47.652408599853516,62752800,-0.015213826778350148,0.019905151092238824
BAC,2026-03-10 00:00:00-04:00,48.030442827825,48.89594859079692,47.35395739687146,48.308998107910156,50271100,0.013778726560710775,0.020599440869472956
BAC,2026-03-11 00:00:00-04:00,48.11003036922546,48.39853228562406,47.533026536428274,48.269203186035156,42185800,-0.0008237579629805092,0.018105178730156976
BAC,2026-03-12 00:00:00-04:00,47.453444107990826,47.53302862239856,46.54814796109849,46.886390686035156,58354500,-0.028647924737238317,0.01830339191210441
BAC,2026-03-13 00:00:00-04:00,47.27437207875365,47.572820635561804,46.418816766252114,46.47850799560547,45473100,-0.00869938343433152,0.012714747824594594
BAC,2026-03-16 00:00:00-04:00,46.87644082524472,47.43354761285479,46.65758056170251,46.81675338745117,38055600,0.007277458043138729,0.013294988419013895
BAC,2026-03-17 00:00:00-04:00,47.4136509008572,47.83148194353141,46.95602949767365,47.035614013671875,33427800,0.004674835617272111,0.013403253101820346
BAC,2026-03-18 00:00:00-04:00,46.97592372105749,47.632512066810165,46.44866068031629,46.58794021606445,40251800,-0.009517762380593098,0.012826145820533996
BAC,2026-03-19 00:00:00-04:00,46.180055449993276,46.94607581273932,45.88160689443775,46.767005920410156,38601400,0.003843606382150311,0.013158425621972525
BAC,2026-03-20 00:00:00-04:00,46.886389345067215,47.21468162445147,46.44866124591573,46.91623306274414,78060900,0.003190863716782344,0.012551709074925019
BAC,2026-03-23 00:00:00-04:00,48.090133260810326,48.1398740544717,47.23457794790926,47.27437210083008,42333200,0.007633584682874561,0.012157441785085626
BAC,2026-03-24 00:00:00-04:00,46.80680067832249,48.20951232305082,46.77695696087486,47.89116668701172,39804100,0.013047123817236495,0.012062266629157565
BAC,2026-03-25 00:00:00-04:00,48.26920565872286,48.85615616233494,47.93096293130269,48.498016357421875,29988300,0.012671432174040875,0.012792398055693353
BAC,2026-03-26 00:00:00-04:00,48.45822202867737,48.61739485307026,47.78173657626272,47.99065399169922,32502600,-0.010461507579680895,0.008872955908832225
BAC,2026-03-27 00:00:00-04:00,47.82153133507924,48.00060123915528,46.59788952054599,46.72721862792969,36781900,-0.026326696110206438,0.01237524809347495
BAC,2026-03-30 00:00:00-04:00,47.3042159959333,47.61261498976051,46.68742180325819,46.985870361328125,43375900,0.00553535478877909,0.012282770920547116
BAC,2026-03-31 00:00:00-04:00,47.433547378918874,48.51791343491477,47.12514837024829,48.498016357421875,49060600,0.03218299425902149,0.01588994339912503
BAC,2026-04-01 00:00:00-04:00,49.443105118876595,49.791294476658656,48.52785855773902,49.01532745361328,32947000,0.0106666444330199,0.015371302340210804
BAC,2026-04-02 00:00:00-04:00,48.49801503259526,49.31377621262211,47.91106454501699,49.124759674072266,27548200,0.0022326122489448874,0.015395501249815303
BAC,2026-04-06 00:00:00-04:00,49.174501982301344,49.86093408077198,48.99543207922561,49.801246643066406,28507200,0.01377079447273477,0.015616463854460328
BAC,2026-04-07 00:00:00-04:00,49.54258878927959,50.21907425136846,49.36351888490433,50.02010726928711,28473200,0.00439468167914181,0.015614600696294018
BAC,2026-04-08 00:00:00-04:00,51.67152673253008,51.989872385643146,51.10447330073623,51.611839294433594,36473500,0.03182184349540229,0.017590352021290973
BAC,2026-04-09 00:00:00-04:00,51.36313017392391,52.56687488049683,51.36313017392391,52.43754577636719,32008000,0.015998392873060263,0.017726835451619835
BAC,2026-04-10 00:00:00-04:00,52.52707939451556,52.55692690700692,51.930182274399215,52.26842498779297,25225300,-0.0032251850476655575,0.017024083969988533
BAC,2026-04-13 00:00:00-04:00,51.910287254644814,53.16377277454948,51.581991169086756,53.07423782348633,27835300,0.015416818775035868,0.01179425280338979
BAC,2026-04-14 00:00:00-04:00,52.82553004775306,53.293101880525036,52.527081475869046,53.07423782348633,40178500,0.0,0.012296433880740488
BAC,2026-04-15 00:00:00-04:00,53.969584846887514,55.11364208052755,53.432375165266315,54.039222717285156,63838200,0.018181794659174688,0.010441403687811757
BAC,2026-04-16 00:00:00-04:00,53.76067293913974,54.22824097019921,53.19361952223187,53.2334098815918,35206700,-0.014911628909044405,0.013263521390054014
BAC,2026-04-17 00:00:00-04:00,53.88005161373485,54.31777592658278,53.472171019155354,53.631343841552734,43484700,0.007475267146066278,0.013096625149500855
BAC,2026-04-20 00:00:00-04:00,53.223464008102006,53.671138763427734,52.90511835875471,53.671138763427734,43999200,0.0007420086655403058,0.013204992119214217
BAC,2026-04-21 00:00:00-04:00,53.720880139400506,54.36752188129251,52.934962648788265,53.20356750488281,34266300,-0.00871178196173339,0.014172315358680864
BAC,2026-04-22 00:00:00-04:00,53.39258097411055,53.52191007403364,52.72604598792869,52.84542465209961,24097600,-0.0067315571037662725,0.011430334536037865
BAC,2026-04-23 00:00:00-04:00,52.785738174915934,53.24335955835407,51.97992363844319,52.198787689208984,31956300,-0.012236385025717333,0.011189192477327236
BAC,2026-04-24 00:00:00-04:00,52.049561111745966,52.23857764824674,51.66157760288792,51.78095626831055,30265400,-0.008004619252581113,0.011422910208883584
BAC,2026-04-27 00:00:00-04:00,51.721268476148595,52.65640830630103,51.56209565835713,52.35795974731445,28043700,0.01114315996819526,0.0108089807306659
BAC,2026-04-28 00:00:00-04:00,52.7459457444094,53.15382634644829,52.35796221990648,52.3878059387207,21164100,0.0005700411465665578,0.01081812915706867
BAC,2026-04-29 00:00:00-04:00,52.158995619268524,52.74594612842505,51.56209846876134,52.60667037963867,26250700,0.004177774522070576,0.008727910224318767
BAC,2026-04-30 00:00:00-04:00,52.33806512139223,53.382637024245895,51.88044372318655,53.18367004394531,27089200,0.010968184455368402,0.008522226663101427
BAC,2026-05-01 00:00:00-04:00,53.41248037660523,53.7805706158788,52.81558323477809,52.96480941772461,24825000,-0.004115184718163634,0.008164062239195462
BAC,2026-05-04 00:00:00-04:00,52.79568712657546,52.79568712657546,51.731218133955885,51.92023468017578,42929000,-0.01972205222736556,0.009980384122347386
BAC,2026-05-05 00:00:00-04:00,52.29826833008866,53.08418577542075,52.009766412944586,52.84542465209961,28458600,0.01781944896094778,0.011742772919312881
BAC,2026-05-06 00:00:00-04:00,53.54180869421944,53.919845569135695,53.19361933244093,53.32294464111328,27541200,0.009036165233931914,0.011887648748215641
BAC,2026-05-07 00:00:00-04:00,53.27320482187366,53.72087957734745,52.228632922421134,52.47734069824219,28682100,-0.015858162908338524,0.012379492433222884
BAC,2026-05-08 00:00:00-04:00,52.70615064303972,52.73599436131813,50.83586713301131,51.04478454589844,36111200,-0.02729856607218928,0.015079007892824316
BAC,2026-05-11 00:00:00-04:00,50.945299924687774,51.124369827004884,50.01016005312695,50.28871154785156,33132200,-0.014811953949321333,0.014926906715410818
BAC,2026-05-12 00:00:00-04:00,50.59710921233661,50.815973263795115,49.5823810578191,50.517520904541016,33518800,0.0045499148744689855,0.015111935136638326
BAC,2026-05-13 00:00:00-04:00,50.09969482982089,50.517522070452785,49.54258804733222,49.58238220214844,29838000,-0.01851117564061855,0.015524493266030302
BAC,2026-05-14 00:00:00-04:00,49.80124452594658,50.20912511117296,49.23419112197282,49.59232711791992,37671800,0.00020057357734315495,0.014577195575305261
BAC,2026-05-15 00:00:00-04:00,49.36351871876081,49.73160896261526,49.04517306649392,49.51274490356445,46282300,-0.0016047283719160532,0.014651359572726123
BAC,2026-05-18 00:00:00-04:00,49.463002576742326,50.656796838321526,49.463002576742326,50.42798614501953,33404100,0.01848496267451316,0.015792343135208685
BAC,2026-05-19 00:00:00-04:00,50.46777859252479,51.014934909743346,50.1195892438346,50.43793487548828,44154600,0.0001972858967664859,0.014131814903098444
BAC,2026-05-20 00:00:00-04:00,50.72643737315355,51.313387849820025,50.22902184360498,50.96519470214844,47739400,0.010453636295018054,0.014289587591927208
BAC,2026-05-21 00:00:00-04:00,50.736385165132525,51.23380070596716,50.49762403574096,51.223854064941406,27461900,0.005075215827284207,0.013957197511242194
BAC,2026-05-22 00:00:00-04:00,51.422817424122705,51.88044260746638,51.3830270649019,51.532249450683594,26683700,0.006020542408839535,0.010996372609496485
BAC,2026-05-26 00:00:00-04:00,51.95008048774768,52.22863197723284,51.61183776695309,51.93018341064453,27397600,0.007722037446507457,0.00961727102597365
BAC,2026-05-27 00:00:00-04:00,52.11920189411005,52.218687283335434,50.49762610204201,50.83586883544922,48581500,-0.021072803971091014,0.0122797759566516
BAC,2026-05-28 00:00:00-04:00,50.65679837851425,51.23380224480318,50.37824688167382,50.50757598876953,48550100,-0.0064578978229394846,0.010671130396369417
BAC,2026-05-29 00:00:00-04:00,50.70654161950541,51.53224944670946,50.3484018216899,51.333282470703125,57930600,0.016348170858906164,0.011569036857473026
BAC,2026-06-01 00:00:00-04:00,51.044784529417285,51.56209715095937,50.58715934441274,51.24374771118164,34303700,-0.001744185355233907,0.011575978237861467
BAC,2026-06-02 00:00:00-04:00,50.995041245917065,52.43754712055434,50.995041245917065,52.208736419677734,42126500,0.01883134531718733,0.011626199466270266
BAC,2026-06-03 00:00:00-04:00,51.9898708508925,52.27837277644069,50.95524940630705,52.129150390625,48065400,-0.001524381444764078,0.01169370797912857
BAC,2026-06-04 00:00:00-04:00,52.85537791976811,54.049176010377195,52.52708183198432,53.88999938964844,51883600,0.03377858618121876,0.015096024321143407
BAC,2026-06-05 00:00:00-04:00,54.16999816894531,54.279998779296875,53.31999969482422,53.83000183105469,38829400,-0.0011133338146831484,0.01525043523792345
BAC,2026-06-08 00:00:00-04:00,53.720001220703125,54.349998474121094,53.56999969482422,53.630001068115234,30332100,-0.0037154143811318763,0.01549248768584135
BAC,2026-06-09 00:00:00-04:00,54.0,54.619998931884766,53.650001525878906,54.41999816894531,32329000,0.014730506900917373,0.01582915091795464
BAC,2026-06-10 00:00:00-04:00,54.540000915527344,55.29999923706055,54.220001220703125,54.540000915527344,37025500,0.0022051222091092892,0.01307211322007992
BAC,2026-06-11 00:00:00-04:00,54.720001220703125,55.310001373291016,54.06999969482422,55.15999984741211,31746300,0.011367783672116882,0.012198981393013135
BAC,2026-06-12 00:00:00-04:00,55.36000061035156,56.189998626708984,55.2599983215332,56.02000045776367,32989000,0.015591019085035684,0.012149981012795944
BAC,2026-06-15 00:00:00-04:00,56.619998931884766,57.0,55.7400016784668,55.869998931884766,31666500,-0.0026776423536803984,0.01224356354683411
BAC,2026-06-16 00:00:00-04:00,56.5,57.06999969482422,56.22999954223633,56.84000015258789,33409800,0.01736175477443136,0.012117245287460379
BAC,2026-06-17 00:00:00-04:00,57.13999938964844,57.97999954223633,56.29999923706055,56.529998779296875,40439300,-0.005453929846214178,0.012538463284884288
BAC,2026-06-18 00:00:00-04:00,57.22999954223633,57.33000183105469,56.029998779296875,56.20000076293945,70438800,-0.005837573385518602,0.009436058754740117
BAC,2026-06-22 00:00:00-04:00,56.849998474121094,57.72999954223633,56.810001373291016,57.369998931884766,38653800,0.020818472474414262,0.010536625560422883
BAC,2026-06-23 00:00:00-04:00,57.52000045776367,58.0099983215332,57.20000076293945,57.90999984741211,30045700,0.009412601108263585,0.009931318232609057
BAC,2026-06-24 00:00:00-04:00,58.209999084472656,58.33000183105469,57.38999938964844,57.72999954223633,30324900,-0.0031082767337259343,0.010138468227701078
BAC,2026-06-25 00:00:00-04:00,57.849998474121094,59.20000076293945,57.849998474121094,58.189998626708984,33747400,0.007968111694442559,0.010064335303217521
BAC,2026-06-26 00:00:00-04:00,58.540000915527344,58.630001068115234,57.439998626708984,57.880001068115234,48757600,-0.005327334007728668,0.010548366597108096
BAC,2026-06-29 00:00:00-04:00,57.7599983215332,58.34000015258789,57.61000061035156,57.880001068115234,28920800,0.0,0.009922075225092895
BAC,2026-06-30 00:00:00-04:00,57.470001220703125,57.75,56.84000015258789,56.97999954223633,41324600,-0.015549438653599035,0.011496043181209682
BAC,2026-07-01 00:00:00-04:00,57.130001068115234,58.47999954223633,56.849998474121094,58.36000061035156,35288400,0.024219043159035225,0.01265807244785173
BAC,2026-07-02 00:00:00-04:00,58.939998626708984,59.0,57.939998626708984,58.72999954223633,29329700,0.006339940507456676,0.012358353264982351
BAC,2026-07-06 00:00:00-04:00,59.13999938964844,59.939998626708984,58.91999816894531,59.900001525878906,34645400,0.019921709394892018,0.012781987705279736
BAC,2026-07-07 00:00:00-04:00,60.290000915527344,60.83000183105469,59.790000915527344,59.86000061035156,29306100,-0.0006677948999728178,0.011875718228840192
BAC,2026-07-08 00:00:00-04:00,59.369998931884766,59.56999969482422,58.29999923706055,58.29999923706055,29802400,-0.026060831229280712,0.015057588609730452
BAC,2026-07-09 00:00:00-04:00,58.45000076293945,59.43000030517578,58.40999984741211,59.25,29203400,0.01629503902867202,0.015736650032136673
BAC,2026-07-10 00:00:00-04:00,59.63999938964844,59.869998931884766,59.38999938964844,59.66999816894531,21916600,0.007088576691060222,0.015706449446415104
BAC,2026-07-13 00:00:00-04:00,59.70000076293945,60.04999923706055,58.849998474121094,59.5,27837800,-0.0028489722500742998,0.01558610171418079
BAC,2026-07-14 00:00:00-04:00,59.0,61.209999084472656,58.66999816894531,60.619998931884766,49432700,0.018823511460248188,0.01631987184151112
BAC,2026-07-15 00:00:00-04:00,61.31999969482422,62.029998779296875,61.11000061035156,61.59000015258789,43361000,0.016001340115381124,0.014950439166516939
BAC,2026-07-16 00:00:00-04:00,61.97999954223633,62.0,60.9900016784668,61.4900016784668,37351900,-0.0016236154225255373,0.014023080474297171
BAC,2026-07-17 00:00:00-04:00,61.25,62.119998931884766,60.65999984741211,61.27000045776367,45045200,-0.00357783728570249,0.014291616601272967
BAC,2026-07-20 00:00:00-04:00,61.349998474121094,61.4900016784668,60.369998931884766,60.41999816894531,30741100,-0.013873058306965502,0.014191701795780198
BAC,2026-07-21 00:00:00-04:00,60.900001525878906,61.529998779296875,60.06999969482422,61.220001220703125,31629100,0.013240699702122827,0.014687796312475672
WFC,2025-07-22 00:00:00-04:00,78.5562969097994,80.81669622261803,78.5562969097994,80.6112060546875,22437000,,
WFC,2025-07-23 00:00:00-04:00,81.21788776786514,82.12791982099583,80.83626214547957,81.9028549194336,19379200,0.016023192406646514,
WFC,2025-07-24 00:00:00-04:00,82.03985173183952,83.0086006275999,81.33531726071698,82.0692138671875,19031200,0.002031173979436307,
WFC,2025-07-25 00:00:00-04:00,82.31384160767377,82.64653780109437,81.44295161244699,82.5095443725586,14072400,0.00536535546793071,
WFC,2025-07-28 00:00:00-04:00,82.50954554437614,82.68568102150677,80.93411362825826,81.28638458251953,10627100,-0.014824464240355995,
WFC,2025-07-29 00:00:00-04:00,81.83436609192988,81.90286281368883,80.43506951978341,80.87541198730469,12478200,-0.005055860182803906,
WFC,2025-07-30 00:00:00-04:00,81.20811272148416,81.30596412005549,79.56418384250291,80.02409362792969,15579100,-0.010526293943437737,
WFC,2025-07-31 00:00:00-04:00,79.60331511257407,80.17086359922835,78.60521903740803,78.89877319335938,14813900,-0.014062270293275225,
WFC,2025-08-01 00:00:00-04:00,77.48969930642843,77.64626003484194,75.73813183040674,76.10997009277344,16071300,-0.03534659650222116,
WFC,2025-08-04 00:00:00-04:00,76.8340805181106,76.8438678967828,75.25865596868317,75.91426849365234,13892100,-0.0025713004338662193,
WFC,2025-08-05 00:00:00-04:00,76.65794054128489,76.66772791938399,74.52475498176952,76.28610229492188,15765100,0.004898075271589031,0.014264062201040094
WFC,2025-08-06 00:00:00-04:00,76.23718805183748,77.1276454438482,75.89469697394283,75.9436264038086,14157000,-0.00448936150636281,0.012159531291694295
WFC,2025-08-07 00:00:00-04:00,76.59923910597715,76.61881386419472,75.1314457941388,75.3956527709961,13105600,-0.007215531556246768,0.011700660810009894
WFC,2025-08-08 00:00:00-04:00,75.89762866947956,76.95080515594587,75.1495757649658,76.62599182128906,14123000,0.01631843488416962,0.013504287157854736
WFC,2025-08-11 00:00:00-04:00,76.78348892195187,76.86222541379644,76.01575368301818,76.37008666992188,14408100,-0.003339665109510337,0.01327856184094818
WFC,2025-08-12 00:00:00-04:00,76.99017045637638,78.30909841412503,76.92127134678412,78.23036193847656,14365200,0.024358690027352692,0.01642930424844353
WFC,2025-08-13 00:00:00-04:00,78.42721679279943,78.4665887865489,75.88777951675813,76.66535949707031,14415100,-0.020005051780752736,0.017156452239601373
WFC,2025-08-14 00:00:00-04:00,77.04923028666434,78.32879385424509,76.48819249368145,78.16146850585938,16051500,0.019514798060083827,0.01825077550785612
WFC,2025-08-15 00:00:00-04:00,78.28942615043152,78.39769726636685,75.7992055028004,75.88778686523438,15380400,-0.02908954609078962,0.0169986273726187
WFC,2025-08-18 00:00:00-04:00,75.77951330077272,76.37992310267205,75.70077681763348,76.22244262695312,11660900,0.004409876418099312,0.01703200997846624
WFC,2025-08-19 00:00:00-04:00,75.94684968579973,76.54725200611334,75.81888881456109,76.31102752685547,10118500,0.0011621892037216863,0.0169665472813957
WFC,2025-08-20 00:00:00-04:00,76.25196804683404,77.2460902800282,75.38579916664892,76.93112182617188,12101900,0.00812588061533015,0.017051018686814638
WFC,2025-08-21 00:00:00-04:00,76.65551734525397,76.84253244484964,75.86809997060325,76.60630798339844,9102700,-0.004222138389030183,0.01690817170137976
WFC,2025-08-22 00:00:00-04:00,77.10827804069825,78.06302819798947,76.90158071429083,77.85633087158203,11282600,0.01631749292048501,0.016908081359261615
WFC,2025-08-25 00:00:00-04:00,77.63979084722794,79.23432277922689,77.62995348100858,78.92919921875,12017000,0.0137801041374217,0.01720263164959896
WFC,2025-08-26 00:00:00-04:00,78.56502334737517,80.34656307417664,78.52565134945063,80.22845458984375,14936600,0.016461023093530924,0.01629252591166494
WFC,2025-08-27 00:00:00-04:00,79.98237905576825,81.90171687230468,79.96268930360675,81.202880859375,15567700,0.012145644266898348,0.014386948234529231
WFC,2025-08-28 00:00:00-04:00,81.57690656181111,81.82297590684372,80.63200117801875,80.6910629272461,13963200,-0.006302952884334911,0.013975034461924555
WFC,2025-08-29 00:00:00-04:00,80.68121921326875,81.50800861995938,80.51389385850143,80.8879165649414,12041200,0.002439596537138211,0.008241512367771806
WFC,2025-09-02 00:00:00-04:00,80.42531016788912,80.53358128899188,79.17528110075867,80.49420928955078,13326000,-0.004867318780235053,0.008983167145053393
WFC,2025-09-03 00:00:00-04:00,80.4449907048974,80.72058715996606,78.7618698367678,79.24417114257812,11174000,-0.015529541292542692,0.011165279412449911
WFC,2025-09-04 00:00:00-04:00,79.48039752379863,80.83869758922785,78.95873171988973,80.54341888427734,10822300,0.016395499163737615,0.011806263204644799
WFC,2025-09-05 00:00:00-04:00,80.35640778636115,80.73043050171682,77.46262977508286,77.71854400634766,20661400,-0.035072696404760184,0.017189199322157126
WFC,2025-09-08 00:00:00-04:00,77.74807069242397,78.53549562601484,77.32483110477101,77.89571380615234,17107000,0.002279633542674464,0.01640702333037695
WFC,2025-09-09 00:00:00-04:00,78.0630428136103,80.17924085081256,77.7579192045629,79.49024963378906,17157300,0.02047013564321154,0.017143381815894216
WFC,2025-09-10 00:00:00-04:00,79.39180837526821,79.96268348593475,78.6536004211639,79.03746795654297,16460200,-0.00569606560970759,0.01631207559620489
WFC,2025-09-11 00:00:00-04:00,78.93903996497393,80.11033240705729,78.52564528286457,79.9725341796875,17785800,0.011830670279805222,0.01628334878669951
WFC,2025-09-12 00:00:00-04:00,79.8248968953864,80.35640760089079,79.51977329960158,80.17923736572266,10498300,0.0025846772039350707,0.016228784501592354
WFC,2025-09-15 00:00:00-04:00,80.32687260161887,80.53356993746907,79.85441618436131,80.13002014160156,9563200,-0.0006138400131769917,0.016195676337453314
WFC,2025-09-16 00:00:00-04:00,80.27765401269174,80.32687088136205,78.8209278171044,80.1103286743164,10705900,-0.0002457439452824284,0.01613322966029586
WFC,2025-09-17 00:00:00-04:00,79.94300549008466,81.41942147669955,79.27369660910831,81.18319702148438,14746100,0.013392384788853517,0.015698122442181918
WFC,2025-09-18 00:00:00-04:00,81.27177846417581,82.20683891960199,80.65168645252434,82.1871566772461,13021100,0.012366594228803596,0.015350651855867042
WFC,2025-09-19 00:00:00-04:00,82.5119723656384,83.59467595285581,81.62612124539135,83.30923461914062,36482400,0.013652716400702314,0.008380796959881297
WFC,2025-09-22 00:00:00-04:00,82.56118641778043,83.93917629317419,82.42338818118512,83.8210678100586,14545000,0.006143774975942096,0.00822652597833251
WFC,2025-09-23 00:00:00-04:00,83.8112227249333,85.29748371244807,82.35448885812401,83.04348754882812,14818500,-0.009276668521957854,0.008347952445797197
WFC,2025-09-24 00:00:00-04:00,83.31907780000532,84.02775868178324,82.34464534228073,82.78756713867188,9478700,-0.0030817637566795675,0.008031086580577254
WFC,2025-09-25 00:00:00-04:00,82.37417069179337,83.32892088649422,82.24620983511802,82.9942626953125,8514900,0.002496698040352019,0.007639949633107274
WFC,2025-09-26 00:00:00-04:00,83.35845529987985,84.29351582487934,83.2304944320054,83.67342376708984,8502600,0.008183229174173912,0.007750064705148926
WFC,2025-09-29 00:00:00-04:00,83.3682858983618,83.85058719136931,82.71866677286434,83.31907653808594,9833700,-0.004234883826318092,0.008082706756276693
WFC,2025-09-30 00:00:00-04:00,83.32892549425831,83.78169218194279,81.36037076026996,82.50212860107422,11429000,-0.009805052707686723,0.009130123022477203
WFC,2025-10-01 00:00:00-04:00,81.79345283255026,82.28559154695722,79.50008462114798,79.59851837158203,16961900,-0.03519436745119786,0.014388998356860572
WFC,2025-10-02 00:00:00-04:00,79.43117404783938,79.77567710580091,78.78155494340398,79.23432159423828,11420000,-0.004575421563044801,0.01349549917169278
WFC,2025-10-03 00:00:00-04:00,79.74615269715424,80.40562427103958,79.17527750478885,79.40165710449219,10124900,0.0021119068969990273,0.012299587281182819
WFC,2025-10-06 00:00:00-04:00,79.2933876992841,80.1792388919875,78.31895514203079,79.42134857177734,12837700,0.00024799819050680405,0.011854036473656755
WFC,2025-10-07 00:00:00-04:00,79.59851385534687,80.08080766545802,79.27370052000161,79.86426544189453,10371300,0.005576798657818127,0.01222689726266791
WFC,2025-10-08 00:00:00-04:00,79.9823836506286,80.05128276827165,78.28942532061042,78.4764404296875,11277400,-0.01737729639818386,0.012944660802346452
WFC,2025-10-09 00:00:00-04:00,78.65360851496217,79.48039790410819,78.17130719518659,78.63391876220703,8432200,0.0020066956612363462,0.012912937450472436
WFC,2025-10-10 00:00:00-04:00,78.35832229718181,79.17527431937006,76.39961242675781,76.39961242675781,16004300,-0.02841402756749123,0.013819384201677868
WFC,2025-10-13 00:00:00-04:00,77.50199847313816,77.98429979411019,77.04923178137211,77.67916870117188,14229300,0.016748203737823042,0.016033216815483115
WFC,2025-10-14 00:00:00-04:00,81.22256491108035,84.70690768669124,79.12605682559801,83.2304916381836,36260600,0.07146475728090507,0.02940220017451083
WFC,2025-10-15 00:00:00-04:00,83.83090532269404,86.09474637258288,83.8210679553778,85.10062408447266,22909400,0.022469318749417377,0.02701617501260419
WFC,2025-10-16 00:00:00-04:00,85.62227770939768,86.05536211169758,81.69501350039528,82.67929077148438,22715600,-0.028452591729348775,0.029128038957908567
WFC,2025-10-17 00:00:00-04:00,83.12222193675886,83.2009659296136,81.0158689392578,81.97061920166016,18799000,-0.00857133102148766,0.02942538543533733
WFC,2025-10-20 00:00:00-04:00,82.30526683859941,84.78564221921889,81.78359358506322,84.66752624511719,15777200,0.03290089875766622,0.030795624031615464
WFC,2025-10-21 00:00:00-04:00,84.76596299220276,85.9372478619063,83.32891904868093,83.4273452758789,20101100,-0.014647658012918563,0.03154249085479533
WFC,2025-10-22 00:00:00-04:00,83.81121653485187,83.82106141084013,81.83281698985681,82.5611801147461,18955000,-0.010382269245995612,0.03106973646564547
WFC,2025-10-23 00:00:00-04:00,82.98442932947927,84.13603965208586,82.43323636101182,83.13207244873047,14157800,0.006914779236330437,0.031046965246465077
WFC,2025-10-24 00:00:00-04:00,83.46672726099413,85.51401856390191,83.4273552635135,85.0514144897461,14011400,0.023087864701067495,0.0289008688023007
WFC,2025-10-27 00:00:00-04:00,85.53371191196486,85.96678888357069,84.95298431152106,85.64198303222656,11682000,0.006943665146823319,0.028856243543333472
WFC,2025-10-28 00:00:00-04:00,85.69118714247871,85.92741912279898,84.43131328519941,85.53370666503906,13201000,-0.001264290752664543,0.0192621922795643
WFC,2025-10-29 00:00:00-04:00,85.45495714356942,85.86835181822684,84.3230367167731,84.6478500366211,16444400,-0.010356813272305532,0.018331233918597586
WFC,2025-10-30 00:00:00-04:00,84.72659698502025,85.88804457066331,84.52973700727718,84.63800811767578,14830000,-0.00011626897719263507,0.015478188620544538
WFC,2025-10-31 00:00:00-04:00,84.13603648574735,85.97663044022916,83.67342490057577,85.60260772705078,14776700,0.01139676642713372,0.015183459771477354
WFC,2025-11-03 00:00:00-05:00,85.76993357845913,86.50814164174133,84.50021480848086,85.92742156982422,12769300,0.0037944386438450994,0.011455026974186815
WFC,2025-11-04 00:00:00-05:00,85.63213270260869,87.10854878368814,84.52973932533743,85.76008605957031,16737700,-0.0019474052310289869,0.01008313512895416
WFC,2025-11-05 00:00:00-05:00,86.00615583884736,86.91169674697052,84.55927438004474,85.58291625976562,15609400,-0.0020658771223902583,0.009176646812291113
WFC,2025-11-06 00:00:00-05:00,85.53370447601294,85.96678140996883,84.17539690697582,84.68722534179688,16800200,-0.010465767668515813,0.010087903105580123
WFC,2025-11-07 00:00:00-05:00,84.21228586558895,85.18194489229253,83.15357220643676,85.13247680664062,15612100,0.005257598924120144,0.007043283895845415
WFC,2025-11-10 00:00:00-05:00,85.37984712350305,86.08235741029104,84.54870319548118,85.19184875488281,13138200,0.0006974065652645134,0.006635846471900658
WFC,2025-11-11 00:00:00-05:00,85.20174104942295,86.14171774676538,85.14237632506261,85.28089904785156,13851500,0.0010452912370169098,0.006646744613651548
WFC,2025-11-12 00:00:00-05:00,85.39963441155327,87.70506032024056,85.03354185407844,85.35016632080078,16775200,0.0008122249380879687,0.005624361986730115
WFC,2025-11-13 00:00:00-05:00,85.25121716564946,85.973513145841,83.57904029681117,83.80661010742188,15708000,-0.018084981903576214,0.008230595160949266
WFC,2025-11-14 00:00:00-05:00,83.5592461475668,84.44975475327098,82.08496429135344,84.15292358398438,15397300,0.00413229309858254,0.007285498975526853
WFC,2025-11-17 00:00:00-05:00,83.79672410078747,84.15292755989844,81.66939998357547,82.54011535644531,14457100,-0.01916520732555993,0.00882320890950717
WFC,2025-11-18 00:00:00-05:00,82.54011006360318,83.86598008725605,82.05528054437256,82.97547149658203,14233900,0.005274479424418832,0.009291077131441281
WFC,2025-11-19 00:00:00-05:00,83.09420663545308,83.92534293556785,82.72810657054241,83.27230834960938,10959600,0.003577404836314413,0.009539475067239603
WFC,2025-11-20 00:00:00-05:00,84.1628155178289,85.13248215436553,81.45171815894612,81.53087615966797,12135800,-0.020912500499328024,0.010952714344364439
WFC,2025-11-21 00:00:00-05:00,81.89696546340942,82.74789506520943,80.19511380873153,82.23338317871094,16169500,0.008616453693778503,0.011305021932640002
WFC,2025-11-24 00:00:00-05:00,82.21358905968866,84.1924936855924,81.54076873384656,83.76703643798828,27574500,0.018650008062350842,0.013280904565637186
WFC,2025-11-25 00:00:00-05:00,83.6384050465906,84.63775402314182,82.72811070603024,84.202392578125,12966400,0.00519722504996345,0.013436963804793254
WFC,2025-11-26 00:00:00-05:00,84.51901664468836,85.4787866174742,84.23207456166521,84.65753936767578,9304300,0.005405390222474882,0.01359064591054788
WFC,2025-11-28 00:00:00-05:00,84.73669681287184,85.60741214438143,84.41017573270993,84.9444808959961,6545000,0.0033894385599149146,0.012165756741491765
WFC,2025-12-01 00:00:00-05:00,84.9246942296688,85.64699019410614,84.27165207658312,84.49922943115234,9794000,-0.005241676211888424,0.012293717249056655
WFC,2025-12-02 00:00:00-05:00,84.78617077320072,85.87456680330779,84.38049170303132,85.4095230102539,9484000,0.010772803317020019,0.010491543309168584
WFC,2025-12-03 00:00:00-05:00,85.35015824603653,88.44714125407054,85.35015824603653,88.40756225585938,14439300,0.035101931727748115,0.014525205830547517
WFC,2025-12-04 00:00:00-05:00,88.45703756482666,89.67405967241582,88.37787956869609,89.25849151611328,13433000,0.009625073223840763,0.014517950515472715
WFC,2025-12-05 00:00:00-05:00,89.04081577640345,90.14900513738606,88.6054618712037,88.88250732421875,11210900,-0.0042123072607233025,0.011612438801534734
WFC,2025-12-08 00:00:00-05:00,88.88250708945948,90.05995026166352,88.20967918437614,89.11007690429688,13267300,0.002560341589465054,0.011775813320354418
WFC,2025-12-09 00:00:00-05:00,89.28817457858291,89.29807121540745,87.84357510800486,87.9524154663086,17101700,-0.012991363919835908,0.012836684370558873
WFC,2025-12-10 00:00:00-05:00,88.00189496141134,89.91153831051585,87.25980569438507,89.73343658447266,22729100,0.020249826098821755,0.013719685679161061
WFC,2025-12-11 00:00:00-05:00,89.58501530440672,92.43463531120143,89.26839085920732,91.61338806152344,15505100,0.020950400972117533,0.014447521532255547
WFC,2025-12-12 00:00:00-05:00,92.1378043976086,92.4346355695439,91.14835205997977,91.78160095214844,12532800,0.001836116905883145,0.014511054498623933
WFC,2025-12-15 00:00:00-05:00,92.59294810565002,93.26577597204223,91.51444117251279,91.92012023925781,13885200,0.0015092271835788207,0.013980892489231485
WFC,2025-12-16 00:00:00-05:00,92.09822519484601,92.18727228155328,90.46562733157937,91.21761322021484,12981100,-0.00764258159382758,0.014840536225400474
WFC,2025-12-17 00:00:00-05:00,91.78160069563113,92.34558822454639,91.49465861265006,91.61338806152344,14819000,0.0043387984769249766,0.010986659098985205
WFC,2025-12-18 00:00:00-05:00,92.04874508787557,92.89967465894298,90.32710022151862,90.51509857177734,11844100,-0.011988307746118143,0.01177240825834867
WFC,2025-12-19 00:00:00-05:00,90.64372644214845,92.14769062716263,90.63382980538094,92.02896118164062,37783900,0.01672497333318157,0.01249120236855557
WFC,2025-12-22 00:00:00-05:00,92.21695786594573,93.39440860192028,92.0685460495813,93.28556823730469,9512300,0.013654473977858572,0.012879695393826059
WFC,2025-12-23 00:00:00-05:00,93.24598678729747,93.68134823432398,93.03820270092271,93.47356414794922,8642100,0.002015273253910932,0.011381067368931444
WFC,2025-12-24 00:00:00-05:00,93.65166950512395,94.83900934444986,93.47356777433279,94.29481506347656,5506800,0.008785916349862033,0.010333864925469978
WFC,2025-12-26 00:00:00-05:00,94.3541774906932,94.46301785401918,93.72092858529976,94.25523376464844,5169400,-0.0004197611374653354,0.008763413094801316
WFC,2025-12-29 00:00:00-05:00,94.35417704456542,94.60154013296898,93.37462132818561,93.52303314208984,8624200,-0.007768275493187704,0.009394297711671466
WFC,2025-12-30 00:00:00-05:00,93.73082229672275,93.87923410669595,92.99862213921813,93.31524658203125,6417800,-0.002221768831458859,0.0094861080447289
WFC,2025-12-31 00:00:00-05:00,93.50324818208385,93.68134990914947,92.13780664052899,92.21695709228516,7919300,-0.011769668194367533,0.010005917053362713
WFC,2026-01-02 00:00:00-05:00,92.3159008911439,94.34427353903334,91.83106383794514,94.19585418701172,9242600,0.02145914544486871,0.011900306516540435
WFC,2026-01-05 00:00:00-05:00,94.08701656354128,96.7288599692398,93.97818375441588,95.36341094970703,14384000,0.012394990976750453,0.010985693468278943
WFC,2026-01-06 00:00:00-05:00,94.39375816542012,95.53162990742665,94.06723706964978,95.3733139038086,12329200,0.00010384437807897662,0.010298500198702648
WFC,2026-01-07 00:00:00-05:00,94.70047635163192,94.87857806312124,92.66220708041556,93.29545593261719,14589500,-0.021786576203979724,0.012355704076148121
WFC,2026-01-08 00:00:00-05:00,93.26577422320099,95.1457350689503,93.19651286541179,94.59163665771484,12406000,0.013893288929675451,0.013110386445120945
WFC,2026-01-09 00:00:00-05:00,94.79942740894113,95.55141330999658,94.25523314481235,94.93795013427734,10261300,0.003661142663337724,0.0128819975362644
WFC,2026-01-12 00:00:00-05:00,93.82976320113951,94.5322734266247,92.89967562566129,93.95838928222656,15958100,-0.010317906070915983,0.013353889993785733
WFC,2026-01-13 00:00:00-05:00,94.28491412925243,94.74006129854972,92.07843209549932,92.57315826416016,21998600,-0.014743026446585095,0.013959476239643899
WFC,2026-01-14 00:00:00-05:00,89.79280282669708,89.8422784649034,87.1311735283552,88.30862426757812,33803900,-0.04606663612375694,0.01999160973105972
WFC,2026-01-15 00:00:00-05:00,88.39767192570537,88.96166702876054,87.42801282157967,88.02168273925781,21738600,-0.0032493035725579267,0.019867229589105494
WFC,2026-01-16 00:00:00-05:00,88.02167620222444,88.74397970685388,87.1509608908894,87.44779205322266,26981600,-0.0065198786046293256,0.01765796684181181
WFC,2026-01-20 00:00:00-05:00,86.3396110407761,87.70505251660178,85.36994445144686,85.74594116210938,19353500,-0.01946133631455782,0.01655668376242181
WFC,2026-01-21 00:00:00-05:00,85.58762858102924,86.63644566012425,85.12258476703883,85.21163940429688,17606700,-0.006231219234066887,0.01622594773522913
WFC,2026-01-22 00:00:00-05:00,85.51836272141776,88.06125483434015,85.51836272141776,87.11138153076172,19668900,0.022294397100509844,0.018781278864926768
WFC,2026-01-23 00:00:00-05:00,86.57707552916423,86.7848596045636,85.12257945244676,86.04277038574219,15227500,-0.012267181695909346,0.017366822482403503
WFC,2026-01-26 00:00:00-05:00,86.18130020091546,87.3587509407467,86.18130020091546,87.12128448486328,13047400,0.012534627770421247,0.01830351756842335
WFC,2026-01-27 00:00:00-05:00,87.22022399380214,88.1305183214289,86.5572927475254,87.7743148803711,15105000,0.007495647009443163,0.018951773897100524
WFC,2026-01-28 00:00:00-05:00,87.68526699817815,88.12062088413307,85.92403553386752,87.10148620605469,16395700,-0.007665439203181634,0.01874580680514986
WFC,2026-01-29 00:00:00-05:00,87.75453090745413,89.6839599609375,87.60611154589641,89.6839599609375,21497000,0.0296490205548674,0.01578254995721222
WFC,2026-01-30 00:00:00-05:00,89.2584922798211,90.08963614845956,88.80334512155896,89.53553771972656,18306900,-0.0016549474540997755,0.015735451679895544
WFC,2026-02-02 00:00:00-05:00,89.2090231474404,91.82117662009328,88.9517634352925,91.29676055908203,13835200,0.019670656861062508,0.016360778749249395
WFC,2026-02-03 00:00:00-05:00,91.73212429835677,93.79018694954144,90.93067032942095,91.33634185791016,18099000,0.00043354549039564816,0.01419865113217641
WFC,2026-02-04 00:00:00-05:00,91.67275563849587,92.9194676302531,91.55401864678313,92.15758514404297,12382800,0.008991418633892856,0.013489177833348043
WFC,2026-02-05 00:00:00-05:00,91.87064898294207,92.07843307010826,89.95111656148778,91.03951263427734,12641300,-0.012132181068091885,0.013810257526116884
WFC,2026-02-06 00:00:00-05:00,92.22274797277483,94.11194863982624,92.03382563026247,93.4358139038086,13205700,0.026321552040350138,0.013992918314373324
WFC,2026-02-09 00:00:00-05:00,93.2170622807285,94.54944118296955,88.49406445850491,94.07217407226562,20544800,0.006810666508584751,0.013920259686573372
WFC,2026-02-10 00:00:00-05:00,93.77387823715846,94.46990353381884,89.23980266838706,91.38752746582031,20148400,-0.02853815841848184,0.018055197168089492
WFC,2026-02-11 00:00:00-05:00,92.12331475622464,92.55087064188663,87.9969047129332,88.44434356689453,15461700,-0.03220553154834571,0.021233372351900537
WFC,2026-02-12 00:00:00-05:00,88.80229789192731,89.45854963769573,85.34208486194922,85.79946899414062,16858200,-0.02990439485543206,0.020882889328190258
WFC,2026-02-13 00:00:00-05:00,85.19293697552165,86.95287175519661,84.60628699161407,86.48554992675781,12425000,0.007996330754261871,0.021234705238276613
WFC,2026-02-17 00:00:00-05:00,87.33071598433709,88.33496899109318,86.81366777208405,86.90316009521484,12361900,0.004828669862314561,0.019933020574370495
WFC,2026-02-18 00:00:00-05:00,87.32077310146762,88.89179316374123,87.15174131383698,88.05656433105469,8250900,0.013272293373176813,0.0207018964629473
WFC,2026-02-19 00:00:00-05:00,87.34065112054601,87.65883929479293,86.10770228943365,87.07218933105469,10427300,-0.011178894015205665,0.020333715975470398
WFC,2026-02-20 00:00:00-05:00,86.86338379534273,88.20570791120146,85.65031793540311,88.19576263427734,14255000,0.012903928474231385,0.020954512672759176
WFC,2026-02-23 00:00:00-05:00,87.66878364517419,88.09633955426678,83.30373981296177,84.66595458984375,20607000,-0.04002242215502694,0.021151949825735386
WFC,2026-02-24 00:00:00-05:00,83.92021686875192,84.70572690381086,82.00118794412036,84.08924865722656,18817700,-0.006811544680633275,0.020402754927231693
WFC,2026-02-25 00:00:00-05:00,84.70572516622696,86.42588643440466,84.48697458044161,86.26679992675781,16620700,0.02589571561529369,0.022361050776871453
WFC,2026-02-26 00:00:00-05:00,86.39606013971662,87.81793139341235,85.09350945896901,85.80941772460938,18768400,-0.005301949330875466,0.02031922486535209
WFC,2026-02-27 00:00:00-05:00,84.18867304292914,84.3378218523216,79.99266134228353,80.98697662353516,29145000,-0.056199438580867844,0.025302288379664417
WFC,2026-03-02 00:00:00-05:00,78.7000631584245,82.59777759341458,78.49125784076692,82.11056518554688,21834300,0.013873694374771928,0.0257145377903923
WFC,2026-03-03 00:00:00-05:00,80.53954315336479,83.01538624473334,79.39607898645171,82.06084442138672,19018600,-0.0006055343066729835,0.025543562095889205
WFC,2026-03-04 00:00:00-05:00,82.21993956615302,83.56226378527838,81.56368778709998,83.45288848876953,18061200,0.01696356011442668,0.02586826108662248
WFC,2026-03-05 00:00:00-05:00,83.17448080708297,83.32362962725828,80.72846594868979,81.64323425292969,20939200,-0.021684740559739568,0.026353689005679467
WFC,2026-03-06 00:00:00-05:00,79.80375071077027,80.11198603631851,77.49693944280449,79.96283721923828,16798900,-0.020582195806765347,0.025792290912553428
WFC,2026-03-09 00:00:00-04:00,78.97846941315268,79.33642354992882,76.4230792392934,78.38188171386719,24959500,-0.01977112819341942,0.023846545969853097
WFC,2026-03-10 00:00:00-04:00,78.50119546742282,79.34636960117645,77.00972241165653,77.85489654541016,18481700,-0.006723303357028199,0.023846813431967102
WFC,2026-03-11 00:00:00-04:00,77.60631739068198,77.78529446009513,76.06512553817848,76.44296264648438,17497300,-0.01813545405075767,0.020895544030590265
WFC,2026-03-12 00:00:00-04:00,75.05092333840203,75.11057982979376,74.22563980603854,74.82222747802734,24794100,-0.021201888471437558,0.020949607383387546
WFC,2026-03-13 00:00:00-04:00,75.2199561372357,75.77677029380874,73.60916257369009,73.67876434326172,15496900,-0.015282399005047242,0.014737891943140164
WFC,2026-03-16 00:00:00-04:00,74.40462102270885,75.45859288830131,73.94723686243242,75.31938934326172,17836300,0.022267270829305685,0.01635551954557961
WFC,2026-03-17 00:00:00-04:00,76.06512317973694,76.73131263399868,75.38898844803165,75.79666137695312,18173400,0.00633664236862419,0.016866047830603425
WFC,2026-03-18 00:00:00-04:00,75.37904465321508,76.45290705752005,75.37904465321508,75.75688934326172,12951200,-0.000524720125779865,0.014794652767732007
WFC,2026-03-19 00:00:00-04:00,75.24978651859608,76.36342244936623,74.25547116163051,75.95574951171875,18744400,0.00262497800768946,0.014571107647071598
WFC,2026-03-20 00:00:00-04:00,75.96569153942144,77.47704747949989,75.7767692021527,77.15886688232422,40461100,0.015839714285484696,0.015357238983048173
WFC,2026-03-23 00:00:00-04:00,79.03811966572962,79.34636256173783,77.67591258403733,77.83499908447266,15320800,0.008762858106504012,0.014622509514723372
WFC,2026-03-24 00:00:00-04:00,77.18869258986763,80.01255193471808,77.13898137739518,79.15744018554688,19134300,0.01699031433968412,0.01542084799612742
WFC,2026-03-25 00:00:00-04:00,79.05801260029263,80.33073498619608,78.87903554064846,79.80374908447266,17213400,0.008164853454214915,0.013807561238785328
WFC,2026-03-26 00:00:00-04:00,79.43585021015946,79.84352313214922,78.27250310783688,78.57079315185547,15430500,-0.01544984974718544,0.012697837588279002
WFC,2026-03-27 00:00:00-04:00,78.17307671958719,78.18301441129879,76.42307955327237,76.75120544433594,13674900,-0.02315857629186424,0.014243970116392186
WFC,2026-03-30 00:00:00-04:00,77.43727334482074,77.7753444937874,76.05517567556824,76.36341857910156,14311500,-0.005052518237197212,0.012951882499792877
WFC,2026-03-31 00:00:00-04:00,77.38756019782812,79.28669844120351,77.00971553571497,79.15744018554688,19097600,0.03658848252781022,0.017090847992232403
WFC,2026-04-01 00:00:00-04:00,80.72846247632657,81.23555782267725,79.72420188876796,80.11198425292969,14979400,0.01205880413951399,0.01714470020803906
WFC,2026-04-02 00:00:00-04:00,78.95858508503238,80.38044874394973,78.24267682379978,80.14181518554688,10001800,0.00037236541942342605,0.017204823227931227
WFC,2026-04-06 00:00:00-04:00,80.49976459275163,81.40459514372425,80.30090457008825,81.38470458984375,7069200,0.015508625571049262,0.01718304436874736
WFC,2026-04-07 00:00:00-04:00,80.94721474901799,81.62334189160701,80.44011180605227,81.2852783203125,8820900,-0.0012216825020417987,0.017260906934234214
WFC,2026-04-08 00:00:00-04:00,84.0196473572521,85.24265857971123,83.77106851891703,84.17874145507812,15130300,0.03559639819849858,0.019603148170023708
WFC,2026-04-09 00:00:00-04:00,83.96992352224385,85.6602640732223,83.95998583124346,85.53099822998047,10496100,0.01606411252446649,0.019842514131358104
WFC,2026-04-10 00:00:00-04:00,85.34208377427808,85.41168554163703,84.50685497994712,84.9145278930664,7946200,-0.0072075662586851275,0.01895151947660628
WFC,2026-04-13 00:00:00-04:00,84.10912681554419,86.20713268621522,83.59208620212902,86.14747619628906,14506600,0.014519874676513833,0.015511747930281797
WFC,2026-04-14 00:00:00-04:00,82.54805345809135,82.68726458022805,79.8634051633146,81.23555755615234,32845600,-0.05701755706626621,0.026539920252324194
WFC,2026-04-15 00:00:00-04:00,80.45999595391622,81.22562301828361,79.69437647557287,79.83358001708984,31494000,-0.01725817586828793,0.025191079126641938
WFC,2026-04-16 00:00:00-04:00,79.63470708962817,81.40459465930381,79.54522235576923,80.78811645507812,20713300,0.011956578143983432,0.025186176880534695
WFC,2026-04-17 00:00:00-04:00,81.66311286302212,82.13044226781447,80.56936755016002,80.94721221923828,24033900,0.0019692966136748424,0.025185892874773724
WFC,2026-04-20 00:00:00-04:00,81.08641770488711,81.94152949039085,80.7781747959574,81.5040283203125,14240500,0.006878755744745613,0.024789328585596362
WFC,2026-04-21 00:00:00-04:00,81.68300583232656,82.62760236090378,80.7384017177254,81.08641815185547,17387300,-0.005123797891508075,0.024848822214961652
WFC,2026-04-22 00:00:00-04:00,81.08642008978913,81.41453839097457,79.71426004728521,80.12193298339844,13724200,-0.011894534133333856,0.021627150489860216
WFC,2026-04-23 00:00:00-04:00,80.10204123239446,80.90744181497888,79.28670295836352,80.05233001708984,13906500,-0.000868713019230527,0.020450695044110467
WFC,2026-04-24 00:00:00-04:00,79.65460111844138,79.91312522646272,78.79948933392944,78.96852111816406,15419600,-0.013538755195437902,0.02057593409268838
WFC,2026-04-27 00:00:00-04:00,78.93869599871927,80.43016904202953,78.88897719619925,80.10204315185547,20114400,0.014354099806368037,0.020556693686926798
WFC,2026-04-28 00:00:00-04:00,80.85772032928767,81.48413624070253,80.47988324421543,81.03669738769531,14826700,0.01166829457855334,0.011477659747119515
WFC,2026-04-29 00:00:00-04:00,80.77817672610148,81.53385851446866,80.24124552800038,81.04664611816406,19930700,0.00012276821229706414,0.009798219160872859
WFC,2026-04-30 00:00:00-04:00,80.36056214147604,82.16027040468467,79.55516917701671,81.7625503540039,13535900,0.008833237032363606,0.00947414037807092
WFC,2026-05-01 00:00:00-04:00,81.78243290551069,82.1901058172125,80.35061645507812,80.35061645507812,14632700,-0.017268711565534445,0.011119886915862888
WFC,2026-05-04 00:00:00-04:00,80.12193190906791,80.41028426795921,78.72988891601562,78.72988891601562,12968800,-0.020170692031573956,0.012302889886302688
WFC,2026-05-05 00:00:00-04:00,78.94863965737825,79.65460263974457,78.560857280952,79.43585205078125,11379900,0.008966901191981957,0.012875665593472994
WFC,2026-05-06 00:00:00-04:00,80.33073662323298,81.01681663018766,79.89323544940405,79.96283721923828,14347500,0.006634097260266536,0.012620988310151253
WFC,2026-05-07 00:00:00-04:00,80.23130798495731,80.54948859338123,78.24267728580179,78.71000671386719,19094800,-0.01566765948957194,0.013551025660470433
WFC,2026-05-08 00:00:00-04:00,79.0,79.02999877929688,75.55000305175781,75.63999938964844,31062100,-0.039004028234670085,0.017776432043631257
WFC,2026-05-11 00:00:00-04:00,75.66999816894531,75.72000122070312,73.19000244140625,73.58000183105469,25403900,-0.027234235526390926,0.017830284688388497
WFC,2026-05-12 00:00:00-04:00,73.9000015258789,75.25,72.87000274658203,75.18000030517578,21003400,0.021745018134068816,0.01930840248328394
WFC,2026-05-13 00:00:00-04:00,74.1500015258789,74.76000213623047,73.27999877929688,73.52999877929688,16343900,-0.021947346623850894,0.019623899224804238
WFC,2026-05-14 00:00:00-04:00,73.9800033569336,74.48999786376953,73.22000122070312,73.79000091552734,19388500,0.0035360008234308626,0.0191391985521148
WFC,2026-05-15 00:00:00-04:00,73.94000244140625,74.05999755859375,72.77999877929688,73.41999816894531,16479000,-0.005014266729791772,0.0190169310234685
WFC,2026-05-18 00:00:00-04:00,73.33000183105469,74.7699966430664,73.33000183105469,74.37000274658203,16934200,0.012939316280704327,0.01969067853633865
WFC,2026-05-19 00:00:00-04:00,74.4800033569336,75.3499984741211,73.8499984741211,74.55000305175781,18649800,0.002420334792633261,0.019260205424285044
WFC,2026-05-20 00:00:00-04:00,74.88999938964844,76.30000305175781,73.9800033569336,75.80999755859375,14695300,0.01690133407454275,0.020265403903775944
WFC,2026-05-21 00:00:00-04:00,75.58999633789062,76.05999755859375,74.91000366210938,75.91999816894531,9433400,0.001451004008627521,0.019997858933026125
WFC,2026-05-22 00:00:00-04:00,76.36000061035156,76.8499984741211,76.12000274658203,76.4000015258789,8728900,0.006322489047819069,0.01571459066270638
WFC,2026-05-26 00:00:00-04:00,76.91000366210938,77.66999816894531,76.7699966430664,77.5199966430664,21956700,0.014659621659930622,0.01259213882354312
WFC,2026-05-27 00:00:00-04:00,77.12999725341797,77.70999908447266,75.18000030517578,76.11000061035156,15575700,-0.018188804099244726,0.013119026840270605
WFC,2026-05-28 00:00:00-04:00,75.83999633789062,77.62000274658203,75.3499984741211,76.6500015258789,14146700,0.007095006059609776,0.010313497599653065
WFC,2026-05-29 00:00:00-04:00,76.62000274658203,77.75,76.33999633789062,77.54000091552734,22322900,0.011611211636413987,0.010567672199973966
WFC,2026-06-01 00:00:00-04:00,76.75,78.0199966430664,76.5,77.16999816894531,15566900,-0.004771766084773699,0.01054233628264231
WFC,2026-06-02 00:00:00-04:00,76.80999755859375,79.54000091552734,76.72000122070312,79.44000244140625,19447400,0.02941563206327036,0.012930420862820322
WFC,2026-06-03 00:00:00-04:00,78.87999725341797,79.12999725341797,77.4000015258789,78.68000030517578,15236600,-0.00956699537856931,0.013890407614917848
WFC,2026-06-04 00:00:00-04:00,79.97000122070312,81.88999938964844,79.72000122070312,81.62000274658203,19452100,0.03736657892733697,0.01693250759769216
WFC,2026-06-05 00:00:00-04:00,82.1500015258789,82.44999694824219,81.44999694824219,81.94000244140625,15110600,0.00392060382327819,0.016851658542030242
WFC,2026-06-08 00:00:00-04:00,81.80999755859375,82.54000091552734,80.83000183105469,80.95999908447266,11481200,-0.011960011322117992,0.01798195626207018
WFC,2026-06-09 00:00:00-04:00,81.25,82.55999755859375,80.93000030517578,82.0,15565500,0.012845861256028712,0.017893364972574856
WFC,2026-06-10 00:00:00-04:00,81.8499984741211,83.18000030517578,81.44999694824219,81.97000122070312,12580800,-0.0003658387719130962,0.01603181228873423
WFC,2026-06-11 00:00:00-04:00,82.55000305175781,82.91000366210938,80.83000183105469,82.4000015258789,10929900,0.005245825286960937,0.016048415261483505
WFC,2026-06-12 00:00:00-04:00,82.93000030517578,84.0999984741211,82.62000274658203,83.7300033569336,10526000,0.01614079862167217,0.016244023768179697
WFC,2026-06-15 00:00:00-04:00,84.41999816894531,84.93000030517578,83.02999877929688,83.13999938964844,14526900,-0.007046505955219162,0.01645461743780206
WFC,2026-06-16 00:00:00-04:00,84.0,85.05999755859375,83.94000244140625,85.05000305175781,12400500,0.022973342267635255,0.015610011870856373
WFC,2026-06-17 00:00:00-04:00,85.12999725341797,87.08000183105469,83.58999633789062,83.80999755859375,19403500,-0.014579723088421814,0.01626622652013582
WFC,2026-06-18 00:00:00-04:00,84.93000030517578,85.56999969482422,81.94999694824219,82.19999694824219,36738600,-0.01921012596648708,0.01400114730995
WFC,2026-06-22 00:00:00-04:00,82.72000122070312,84.12999725341797,82.69000244140625,83.83999633789062,18657600,0.01995133151502526,0.01525975366651024
WFC,2026-06-23 00:00:00-04:00,84.01000213623047,84.33000183105469,83.05000305175781,84.12999725341797,11612300,0.0034589805366711524,0.01440252015989232
WFC,2026-06-24 00:00:00-04:00,84.19000244140625,84.48999786376953,83.51000213623047,84.30000305175781,11424900,0.002020751264590448,0.01406166706459845
WFC,2026-06-25 00:00:00-04:00,84.27999877929688,86.30000305175781,84.27999877929688,84.73999786376953,11403800,0.005219392598853956,0.014030237241421504
WFC,2026-06-26 00:00:00-04:00,84.83000183105469,85.16000366210938,83.0999984741211,83.86000061035156,20829300,-0.01038467400993659,0.014660419428124068
WFC,2026-06-29 00:00:00-04:00,83.76000213623047,84.58000183105469,83.47000122070312,83.51000213623047,16658300,-0.004173604478580062,0.013845647046878901
WFC,2026-06-30 00:00:00-04:00,83.69999694824219,83.80000305175781,82.5199966430664,82.63999938964844,17283400,-0.010417946645035259,0.014070722681283641
WFC,2026-07-01 00:00:00-04:00,82.83000183105469,86.05000305175781,82.75,85.94000244140625,14670600,0.03993227342849148,0.017755625410714328
WFC,2026-07-02 00:00:00-04:00,86.61000061035156,86.80000305175781,85.08999633789062,85.51000213623047,10782000,-0.005003494216432647,0.017055544936650444
WFC,2026-07-06 00:00:00-04:00,86.0,87.62999725341797,85.91999816894531,87.44999694824219,9914200,0.02268734374396364,0.016360215311542088
WFC,2026-07-07 00:00:00-04:00,88.02999877929688,88.56999969482422,86.88999938964844,87.18000030517578,10029500,-0.0030874402800289413,0.015842749362811607
WFC,2026-07-08 00:00:00-04:00,86.5199966430664,86.7699966430664,85.0999984741211,85.55999755859375,9978600,-0.01858227507353949,0.017388144598759137
WFC,2026-07-09 00:00:00-04:00,85.8499984741211,87.44999694824219,85.6500015258789,86.91000366210938,13324900,0.015778472908336783,0.0179411721229407
WFC,2026-07-10 00:00:00-04:00,87.5,87.83999633789062,86.6500015258789,87.16000366210938,14054800,0.002876538827129238,0.017927117035384618
WFC,2026-07-13 00:00:00-04:00,87.88999938964844,88.01000213623047,86.11000061035156,87.66999816894531,15026800,0.005851244669665467,0.017308541187530828
WFC,2026-07-14 00:00:00-04:00,84.8499984741211,88.68000030517578,83.83000183105469,85.29000091552734,38943000,-0.027147225996646762,0.019926988200613883
WFC,2026-07-15 00:00:00-04:00,85.94000244140625,87.62999725341797,85.69999694824219,87.51000213623047,28730300,0.026028856804701572,0.020664137950035837
WFC,2026-07-16 00:00:00-04:00,87.94999694824219,88.9000015258789,87.20999908447266,88.06999969482422,20161000,0.006399240600200029,0.01691451886584551
WFC,2026-07-17 00:00:00-04:00,87.73999786376953,89.79000091552734,86.5,87.51000213623047,22762700,-0.006358550704374077,0.016987294482562452
WFC,2026-07-20 00:00:00-04:00,87.87999725341797,88.56999969482422,86.05999755859375,86.33000183105469,17536100,-0.013484176395503034,0.016021632623962695
WFC,2026-07-21 00:00:00-04:00,86.68000030517578,88.26000213623047,85.88999938964844,87.73999786376953,17605300,0.01633263063603496,0.016915753066862334
C,2025-07-22 00:00:00-04:00,91.49567755300271,92.38550764717783,90.6645224117996,91.91614532470703,15282600,,
C,2025-07-23 00:00:00-04:00,92.40506339376046,93.86203002929688,92.38551004910211,93.86203002929688,22339800,0.021170216589432966,
C,2025-07-24 00:00:00-04:00,94.15537927529147,94.76163738310233,93.18732835142947,93.27532958984375,15644400,-0.006250668553301031,
C,2025-07-25 00:00:00-04:00,93.2753361936571,94.05760429394141,92.33661894947284,93.94026184082031,13543400,0.007128704384111506,
C,2025-07-28 00:00:00-04:00,93.94026225815125,94.06737765440103,92.9624308585826,93.43179321289062,19370700,-0.005412680547892013,
C,2025-07-29 00:00:00-04:00,93.87180598857384,93.97936802975661,92.2681632330899,92.38550567626953,13169900,-0.01119841009833833,
C,2025-07-30 00:00:00-04:00,92.79620479913737,93.86203748380414,92.48329903792438,93.68602752685547,13998000,0.014077120009962751,
C,2025-07-31 00:00:00-04:00,93.35356078344905,94.0184864041709,91.47612636973838,91.62279510498047,14638800,-0.02202284029263135,
C,2025-08-01 00:00:00-04:00,89.81380383185771,89.98981376508908,85.99048731036058,89.79425048828125,17725600,-0.019957311001089773,
C,2025-08-04 00:00:00-04:00,90.30606627166378,91.35922663516737,90.08952736358025,90.63087463378906,11611400,0.009317123768598057,
C,2025-08-05 00:00:00-04:00,90.87694665393478,91.26080837845852,88.26864986497985,90.0796890258789,19836100,-0.006081653852920699,0.014379956730819236
C,2025-08-06 00:00:00-04:00,90.43401325078753,91.17220994174974,90.16826574614416,90.77851104736328,13153600,0.007757820092869183,0.012487681554970794
C,2025-08-07 00:00:00-04:00,91.77262004818886,91.78246477436838,89.66629920531939,89.79425811767578,12964000,-0.010842355953315508,0.012692430283004317
C,2025-08-08 00:00:00-04:00,90.52260370116562,91.82182961911998,89.90251365463207,91.27064514160156,10772600,0.016441886762859292,0.013864735695001958
C,2025-08-11 00:00:00-04:00,91.56593180215694,91.70372794031775,89.37103080907657,90.85726165771484,12133300,-0.004529205236200262,0.013848987751081088
C,2025-08-12 00:00:00-04:00,91.75293852084287,94.25296581963576,91.54624432609131,94.2332763671875,21046400,0.0371573460158976,0.018285006355827207
C,2025-08-13 00:00:00-04:00,94.48919128822304,94.68604076634301,93.09154046932304,93.16043853759766,16605000,-0.011384914872421992,0.018209436353444176
C,2025-08-14 00:00:00-04:00,92.97341743290919,93.98720641651185,92.74704130553752,93.95767974853516,13288800,0.008557722821535885,0.01668102715445705
C,2025-08-15 00:00:00-04:00,93.95767900568329,93.9970503991161,92.11710578665756,92.21553802490234,12000400,-0.01854177038317051,0.016472631298950244
C,2025-08-18 00:00:00-04:00,91.88088694605595,92.87499400134415,91.86120500357157,92.73719787597656,8780700,0.005656962614406069,0.01635158691250716
C,2025-08-19 00:00:00-04:00,92.49113125695291,92.86514823456916,91.95962870392421,92.2647476196289,11504400,-0.0050945064889657,0.01629745517278
C,2025-08-20 00:00:00-04:00,92.05805513467227,92.27459405020218,89.25290897741127,91.70372009277344,13447400,-0.006080627122813653,0.016390346106661284
C,2025-08-21 00:00:00-04:00,91.38876096975218,91.39860569621611,90.02063685498348,91.13285064697266,17635200,-0.00622515035620419,0.016077529681032654
C,2025-08-22 00:00:00-04:00,91.49702732723958,94.11516878764792,91.3789131416598,93.76083374023438,20124400,0.02883683627369349,0.01774099949829352
C,2025-08-25 00:00:00-04:00,93.7313122463964,93.94784366792607,93.38681439676591,93.50492858886719,8647000,-0.002729339545723075,0.017666959127930103
C,2025-08-26 00:00:00-04:00,93.18995879302403,94.23327447202344,92.5501867691878,94.21359252929688,11031100,0.007578893980504597,0.013236099609105325
C,2025-08-27 00:00:00-04:00,93.6525646774952,95.91636359075362,93.59350382979224,95.34549713134766,11315600,0.012014238833943258,0.013055590038293168
C,2025-08-28 00:00:00-04:00,95.83762720050633,95.95573387589411,95.02068765222077,95.29627990722656,10878900,-0.0005161987257069622,0.012894186521555736
C,2025-08-29 00:00:00-04:00,95.12895946656361,95.46360506755015,94.53840354702353,95.05021667480469,8362600,-0.0025820864430534662,0.010985755606733028
C,2025-09-02 00:00:00-04:00,93.52460434312918,93.52460434312918,91.49702632353608,93.28838348388672,15128800,-0.01853581456784814,0.012860536876425107
C,2025-09-03 00:00:00-04:00,93.39665059277291,93.74114090161211,91.93010184410002,93.5344467163086,14158800,0.002637662088596171,0.012707200029317684
C,2025-09-04 00:00:00-04:00,93.80020687076767,95.62109075351968,93.80020687076767,95.55219268798828,12900100,0.021572223309339167,0.013846554853532837
C,2025-09-05 00:00:00-04:00,95.83762623576845,96.43802686069824,92.66830031645397,93.89862823486328,17020800,-0.017305353300729354,0.015155405004671212
C,2025-09-08 00:00:00-04:00,94.35138421730812,94.45965367052465,93.15058301568874,94.3612289428711,11398800,0.0049265970835137285,0.012251168135006705
C,2025-09-09 00:00:00-04:00,93.99705115346981,96.59550306628566,93.94783503395244,95.80809020996094,18101600,0.015333217713451086,0.012997202505661172
C,2025-09-10 00:00:00-04:00,95.96557833355553,96.83172649105498,94.99116071770294,95.6407699584961,12238300,-0.0017464104659445923,0.012927645980597742
C,2025-09-11 00:00:00-04:00,95.81793423040662,97.48133993475224,95.36517446961665,97.26480102539062,13426500,0.0169805310810367,0.013457566226077416
C,2025-09-12 00:00:00-04:00,97.22542905215614,98.13094856833631,96.89078347373864,97.87504577636719,9502900,0.006274055408978407,0.013483497266279933
C,2025-09-15 00:00:00-04:00,98.22938818340802,98.59356045676284,97.83568173092287,98.21954345703125,10620100,0.0035197703146030435,0.013352543505802247
C,2025-09-16 00:00:00-04:00,98.28843655969591,99.26285416066335,97.64866454538017,99.05615997314453,12350700,0.008517821267203018,0.01094579917120561
C,2025-09-17 00:00:00-04:00,98.90852142888969,100.6014538720395,98.8297861479932,100.15853881835938,14371600,0.011128826773758593,0.010979163577269387
C,2025-09-18 00:00:00-04:00,100.36523149581195,101.08373879509928,100.08963924351953,100.79830932617188,11677600,0.006387578286987106,0.00970349685554918
C,2025-09-19 00:00:00-04:00,100.92626027095992,101.50697144148074,100.26680631176065,101.06405639648438,24745700,0.0026364238853706645,0.005770530062051885
C,2025-09-22 00:00:00-04:00,100.15853563106944,102.17626887835678,100.09947478561931,101.8613052368164,11474500,0.007888549784745846,0.005705352594239111
C,2025-09-23 00:00:00-04:00,101.90067852793253,103.92825653876666,100.79830951667934,101.37902069091797,15747900,-0.004734717906639596,0.006224715977010976
C,2025-09-24 00:00:00-04:00,101.76288447895803,102.43218318202183,100.02074341135159,100.0502700805664,12272400,-0.013106761155275204,0.008391318182361744
C,2025-09-25 00:00:00-04:00,99.44002373245395,100.65066972356861,98.5738755703072,100.5030288696289,11232900,0.004525313012127885,0.007177724133439139
C,2025-09-26 00:00:00-04:00,100.8967369584989,102.67824943298176,100.8967369584989,101.79241180419922,11296300,0.012829294291646587,0.007755245660348629
C,2025-09-29 00:00:00-04:00,102.51092426733864,102.74714512645296,101.26090688965199,101.53650665283203,10748700,-0.0025139904520528056,0.008023320907643827
C,2025-09-30 00:00:00-04:00,101.47744425652225,101.98926487100125,97.57976634868677,99.90262603759766,17789100,-0.016091558288693575,0.009833931578787388
C,2025-10-01 00:00:00-04:00,99.35144055584676,99.54829001526865,97.06795228365547,97.15653228759766,13793300,-0.027487703365940863,0.012570118211650659
C,2025-10-02 00:00:00-04:00,97.52071204606838,97.884884296925,95.17816292863137,95.80809020996094,14511900,-0.013879067581839322,0.012528066619737014
C,2025-10-03 00:00:00-04:00,95.80809105372191,97.02858174270638,95.76872716895198,96.20179748535156,13863600,0.0041093322550092015,0.012635930776463411
C,2025-10-06 00:00:00-04:00,97.63882319781172,98.48528942893405,95.51282040311146,96.50692749023438,10398000,0.003171770308442179,0.012187838044029366
C,2025-10-07 00:00:00-04:00,96.90062880060886,97.3041799829399,95.15848768324273,96.2608642578125,8519400,-0.0025496950200468715,0.01221899974302647
C,2025-10-08 00:00:00-04:00,96.6447256050705,96.6447256050705,95.0698997878191,95.17816925048828,8496000,-0.011247509729649496,0.01209715753648002
C,2025-10-09 00:00:00-04:00,95.49313328862732,95.7687330642613,93.95768637101116,94.41044616699219,11300600,-0.00806616779395719,0.011652694269639411
C,2025-10-10 00:00:00-04:00,94.6860392980253,96.35928987340253,92.18601942549986,92.45176696777344,18619500,-0.020746424561475574,0.010331525494259195
C,2025-10-13 00:00:00-04:00,94.06595050440109,95.43407454128857,93.90847243657318,94.58760833740234,18463600,0.023102223350403017,0.014570470660249371
C,2025-10-14 00:00:00-04:00,93.8690992046561,99.62703221608237,93.54429084012975,98.26874542236328,33164600,0.03891775201493619,0.020084269275882832
C,2025-10-15 00:00:00-04:00,99.59750739596345,100.54239832993933,97.28448491717671,98.2096939086914,15730100,-0.000600918566916353,0.01789417517635967
C,2025-10-16 00:00:00-04:00,98.63292751184404,99.11521395251549,93.7411425141996,94.7450942993164,20534000,-0.03527757262532705,0.020923573226021785
C,2025-10-17 00:00:00-04:00,94.69588450517028,96.46755982707268,93.78052017374175,95.54235076904297,14007800,0.008414751978692347,0.021082225224183272
C,2025-10-20 00:00:00-04:00,95.93604943570605,98.03252547184691,95.59155912591655,97.73725128173828,11302700,0.02297306372543728,0.022355629530551993
C,2025-10-21 00:00:00-04:00,97.37307986257238,97.83568439363329,96.42818885648732,96.70378112792969,9150100,-0.010573963767709249,0.022658773237123994
C,2025-10-22 00:00:00-04:00,96.64472489030312,96.93016187983575,93.5049255147702,94.78446960449219,14369200,-0.019847326557980605,0.023315835827119866
C,2025-10-23 00:00:00-04:00,95.29627873140956,95.99510408635912,94.78446562261752,95.16832733154297,8189100,0.004049795590485461,0.023174321181460837
C,2025-10-24 00:00:00-04:00,95.85730928922939,97.94394816639041,95.81793789426494,97.22543334960938,11870700,0.02161544786743974,0.022614140059454904
C,2025-10-27 00:00:00-04:00,97.73725930447804,99.63688603647691,97.54040231892112,99.4006576538086,13214200,0.022372996748468266,0.022551363078493068
C,2025-10-28 00:00:00-04:00,99.41049559084352,99.9321534256202,98.5541846581394,99.79435729980469,8766400,0.003960734820963374,0.019205998104736926
C,2025-10-29 00:00:00-04:00,99.69592886199484,100.33570085625372,97.47149397044525,97.5600814819336,11878800,-0.022388799109741564,0.020676656887809213
C,2025-10-30 00:00:00-04:00,97.07778789876971,99.86325200866287,96.7628242632948,98.64276885986328,9584000,0.01109764733161045,0.016848681426280765
C,2025-10-31 00:00:00-04:00,98.32780826618271,99.91247121818553,98.15064074641452,99.63687896728516,11190300,0.010077881216353113,0.016903384492685213
C,2025-11-03 00:00:00-05:00,99.72598473228733,100.63690334068696,98.07246795428162,100.6072006225586,10829100,0.009738579382760904,0.015761389582350304
C,2025-11-04 00:00:00-05:00,99.16161695973551,101.53793276988044,97.71602666747145,100.01313018798828,13449100,-0.005904850059381461,0.015378774103494235
C,2025-11-05 00:00:00-05:00,100.25075659973747,101.27059024834307,98.03286543307385,100.68641662597656,9992400,0.006731980458193343,0.013014836691009482
C,2025-11-06 00:00:00-05:00,100.46858972525577,101.32999882587823,98.98339328517595,99.85470581054688,9282500,-0.008260407344908072,0.013792924169628204
C,2025-11-07 00:00:00-05:00,99.02299481117024,99.83490185837871,96.40904980288445,99.79529571533203,14887100,-0.0005949654023073014,0.012533706022815682
C,2025-11-10 00:00:00-05:00,100.26066217318062,101.88447632784113,99.32003323764823,100.48838806152344,11270600,0.006945140462015997,0.010648497738682344
C,2025-11-11 00:00:00-05:00,100.63690698012749,101.08246287636456,99.32003103208531,99.76559448242188,9639500,-0.007192806980434785,0.010901376451249223
C,2025-11-12 00:00:00-05:00,100.21115345713667,102.83500200939142,100.18145073702166,101.85477447509766,15069200,0.020940886520190993,0.009527241815277525
C,2025-11-13 00:00:00-05:00,101.43891507608453,102.54786448437893,99.47845998150494,99.67648315429688,11427000,-0.0213862465655289,0.012150592749616496
C,2025-11-14 00:00:00-05:00,98.84477214387444,100.54779854504895,97.18135188622716,99.31013488769531,10134500,-0.0036753731171922377,0.01179585903516172
C,2025-11-17 00:00:00-05:00,99.09230945651976,99.29033262921143,96.2605342732498,97.22096252441406,11389600,-0.021036849518367706,0.01286215990439891
C,2025-11-18 00:00:00-05:00,96.53776336911332,98.5873340430936,95.4288140345257,97.34967041015625,10463700,0.001323869692298807,0.012905264311789146
C,2025-11-19 00:00:00-05:00,97.20115137269141,99.59726640507103,97.12193908548065,98.84477233886719,8426800,0.015358058454761458,0.01385332282700642
C,2025-11-20 00:00:00-05:00,100.07253387128061,101.84486916157059,96.49816057113654,96.6664810180664,12633700,-0.022037496462969153,0.015192214513169038
C,2025-11-21 00:00:00-05:00,97.16154729217307,98.34970896326506,94.88425064225444,97.72592163085938,14404700,0.010959751525401629,0.01583281717334005
C,2025-11-24 00:00:00-05:00,97.74572566820795,99.62697592774288,97.62690723828699,98.7061538696289,17389200,0.010030422045771648,0.01605457277808411
C,2025-11-25 00:00:00-05:00,99.3695432795435,100.74582470310064,98.54773277364977,100.17154693603516,10881900,0.01484601525799234,0.016711671677199103
C,2025-11-26 00:00:00-05:00,100.71611767564332,102.28052633111479,100.45868152312413,101.48841857910156,11384100,0.013146164588107023,0.01581154008344032
C,2025-11-28 00:00:00-05:00,101.78546780237329,103.3399731393703,101.49832891157767,102.57756805419922,5865200,0.010731761223067515,0.014222684644538214
C,2025-12-01 00:00:00-05:00,102.08250206146495,103.32016578081854,101.39931682516965,101.6666488647461,9663700,-0.008880296216145611,0.014583348054714883
C,2025-12-02 00:00:00-05:00,102.57755770404533,103.17163472149693,101.99338411054602,102.1716079711914,8056900,0.004966811752761702,0.012025224993768197
C,2025-12-03 00:00:00-05:00,102.08249435492338,105.93410295445327,102.08249435492338,105.6667709350586,14003600,0.03420874970327081,0.015018591278932502
C,2025-12-04 00:00:00-05:00,105.60737388998717,107.6371378653206,105.57766361516093,106.7262191772461,12811300,0.010026314164919725,0.014835002943111034
C,2025-12-05 00:00:00-05:00,106.60739294842205,108.2906200228561,106.44897593142669,107.80545043945312,14936300,0.010112147422881135,0.010500884992577118
C,2025-12-08 00:00:00-05:00,108.12229771576087,109.16193824449114,106.67670742191761,107.84506225585938,11394800,0.00036743797502603037,0.011028047635830226
C,2025-12-09 00:00:00-05:00,107.72624921940492,108.76588217322875,105.95391393153429,108.35002899169922,15822700,0.004682335243516578,0.011152984287150246
C,2025-12-10 00:00:00-05:00,108.28072238394594,110.80555935344636,108.18171079877136,109.99364471435547,16584300,0.015169499611136894,0.011170922995555752
C,2025-12-11 00:00:00-05:00,110.17186716561697,111.23130697690388,110.01345014220473,110.6372299194336,10829700,0.00585111264154814,0.01114111197821321
C,2025-12-12 00:00:00-05:00,112.18183639648666,112.31055069677016,110.09265954837294,110.69664001464844,11227900,0.000536981043886442,0.011400359600864643
C,2025-12-15 00:00:00-05:00,111.3402233285566,112.39966315262393,111.11249743826068,111.68677520751953,10692100,0.00894458217286509,0.009800438922739978
C,2025-12-16 00:00:00-05:00,111.68677359104444,112.26104379789199,109.45897896532493,110.18177032470703,12418200,-0.013475229095084251,0.012189446920135556
C,2025-12-17 00:00:00-05:00,110.78575724350644,111.89470668556334,109.8649351091994,110.36000061035156,9949700,0.0016176023049845334,0.007899029879188101
C,2025-12-18 00:00:00-05:00,111.11248837094713,112.7263989830927,111.01347679393743,111.71646881103516,21155800,0.012291302946553007,0.008108514315831315
C,2025-12-19 00:00:00-05:00,112.0828194424965,114.46903863505943,111.93430584470178,113.7264404296875,37660800,0.017991721722355525,0.009032802144805141
C,2025-12-22 00:00:00-05:00,114.07297868001545,117.47903135145084,113.736337804122,116.92455291748047,20178100,0.0281210989784757,0.011295743853185452
C,2025-12-23 00:00:00-05:00,116.99387367974475,119.08304298093356,116.90475796839671,118.22163391113281,16135000,0.011093315828778483,0.01125747459226557
C,2025-12-24 00:00:00-05:00,118.52857270612058,121.6276797970823,118.07311338488049,120.36031341552734,13529600,0.018090424177373388,0.011476458689607115
C,2025-12-26 00:00:00-05:00,120.44943177712648,120.83558224393586,118.4889691690868,119.2315673828125,10603700,-0.00937805827090199,0.012880925440931746
C,2025-12-29 00:00:00-05:00,119.17216004466249,119.38008663470153,116.81565113678707,116.96416473388672,11000600,-0.019016798140763402,0.015322266459833813
C,2025-12-30 00:00:00-05:00,117.1225887631593,117.24140719438422,115.37995620902475,116.0532455444336,8636100,-0.007788019446175021,0.015825220324583684
C,2025-12-31 00:00:00-05:00,116.2413755550044,116.45920557362389,115.22154188064918,115.53838348388672,6203300,-0.004436429658916774,0.014953172727074325
C,2026-01-02 00:00:00-05:00,116.0532485542763,117.54834841437567,115.43936464150907,117.5285415649414,9245400,0.01722508157933711,0.015385571633103489
C,2026-01-05 00:00:00-05:00,118.13251734207701,122.87524534309138,118.12262147185422,122.08314514160156,19993400,0.03875317021732516,0.01847344835571235
C,2026-01-06 00:00:00-05:00,122.45939330878069,122.94455534768557,121.00389963796657,121.2910385131836,11940100,-0.006488255422148703,0.01877862873635835
C,2026-01-07 00:00:00-05:00,121.10291338546644,121.37025297073524,119.50880196074378,120.17219543457031,11595800,-0.00922444965702618,0.01771010267876861
C,2026-01-08 00:00:00-05:00,119.68701784693032,121.2118203059724,118.97412996001245,119.40978240966797,14801500,-0.006344337990541682,0.017670304247529477
C,2026-01-09 00:00:00-05:00,119.74643364098,120.53853382969568,118.96422932232753,120.1226806640625,7565700,0.005970183011880348,0.016771212222019355
C,2026-01-12 00:00:00-05:00,115.74630616778428,117.56814343633165,115.51857273216615,116.53840637207031,19926900,-0.029838447428725323,0.01911661746667762
C,2026-01-13 00:00:00-05:00,116.55821340605662,117.06318229168251,114.39972769282967,115.15222930908203,18332300,-0.011894594289908689,0.018541117178026097
C,2026-01-14 00:00:00-05:00,116.74634112645303,117.57804747843802,109.37976461870264,111.30062103271484,27984600,-0.03344796969608832,0.02111881804497673
C,2026-01-15 00:00:00-05:00,112.72640789252256,116.79584672827555,111.63726535113629,116.30078125,18719700,0.04492481866579556,0.026164288423144236
C,2026-01-16 00:00:00-05:00,116.63742410274769,118.17212247925002,115.84531635390178,116.87505340576172,17153800,0.004937818556242313,0.025598152877109332
C,2026-01-20 00:00:00-05:00,113.33038867148484,115.37005602990796,111.28081788832284,111.68677520751953,20451300,-0.044391664833980826,0.0250128703236071
C,2026-01-21 00:00:00-05:00,112.02340977789359,114.4492274689677,112.02340977789359,112.7363052368164,14199900,0.009397084187870997,0.025656597686619338
C,2026-01-22 00:00:00-05:00,113.4393004156297,115.48887113978878,112.92443565552624,114.51854705810547,11271500,0.015808942980215956,0.026617744455954283
C,2026-01-23 00:00:00-05:00,113.83535680132002,114.48883930174485,112.08282078534954,112.4689712524414,12164400,-0.017897326313650597,0.026955848680008002
C,2026-01-26 00:00:00-05:00,112.77591757472214,114.3403263006206,112.73631142992853,113.68683624267578,11728700,0.010828453187331277,0.027230790571779153
C,2026-01-27 00:00:00-05:00,113.7660423841426,114.8254821492933,112.57788076684413,113.6571273803711,11976800,-0.0002613219198155381,0.025821984267802668
C,2026-01-28 00:00:00-05:00,113.46899850801982,114.56804440048835,112.02340831479526,113.07294464111328,11378300,-0.005139868943746517,0.025627812917772445
C,2026-01-29 00:00:00-05:00,113.70663970128523,115.21164304214744,112.28085620701047,114.0630874633789,14443200,0.008756673184803665,0.023140875560734773
C,2026-01-30 00:00:00-05:00,113.29077679076772,115.49877204156292,113.05314748776398,114.56804656982422,12396600,0.004427015940695389,0.017873774744259146
C,2026-02-02 00:00:00-05:00,114.4187524773914,116.42924630737264,114.06044679667146,115.68277740478516,11773700,0.009729858091641175,0.018123678229492218
C,2026-02-03 00:00:00-05:00,116.44915116422644,118.36010977115421,114.8367755683017,117.15580749511719,15332100,0.012733356886632796,0.010117532778662222
C,2026-02-04 00:00:00-05:00,117.22547924881093,119.375313406514,116.37948264902901,116.87712860107422,12408300,-0.0023787031987687612,0.010212822105437532
C,2026-02-05 00:00:00-05:00,115.86193496937334,115.86193496937334,112.38836073373102,115.19508361816406,18704600,-0.014391566622511065,0.010676108037572239
C,2026-02-06 00:00:00-05:00,116.80745806967114,122.39104623988688,116.80745806967114,122.11236572265625,15248800,0.06004841428320695,0.02001078734991494
C,2026-02-09 00:00:00-05:00,121.61471573831435,124.57073380019679,121.11706980448832,123.18727111816406,12887500,0.008802592506881313,0.01999411447990848
C,2026-02-10 00:00:00-05:00,123.13751335281343,124.41148575195756,118.93738037887142,121.57490539550781,12121300,-0.01308873642561359,0.020986453568985434
C,2026-02-11 00:00:00-05:00,123.00811728314854,123.65505851058366,116.8074532501835,116.83731079101562,13771400,-0.038968523883114115,0.025411682990052937
C,2026-02-12 00:00:00-05:00,117.48425415549421,118.61888628859977,110.41768334248486,110.62669372558594,19353300,-0.053156111034928566,0.03094627376428098
C,2026-02-13 00:00:00-05:00,109.25318637340692,110.90537453978443,107.87968631206766,110.33805847167969,16665200,-0.0026090922921571114,0.030847971428688538
C,2026-02-17 00:00:00-05:00,111.77128074708547,113.97087488251526,111.46273510186654,113.24430847167969,12314600,0.026339506424666093,0.03205279735592995
C,2026-02-18 00:00:00-05:00,114.4983827826674,116.48896661214324,114.42871265237474,115.72258758544922,11678900,0.021884359110103224,0.0326349445262405
C,2026-02-19 00:00:00-05:00,114.44861282083734,115.36428713480562,113.64242881621507,115.0059814453125,8085300,-0.0061924482945697745,0.032678324312199955
C,2026-02-20 00:00:00-05:00,114.71734356104622,115.58324263188668,113.30402332846204,115.453857421875,12986800,0.0038943711529950686,0.03236409037592692
C,2026-02-23 00:00:00-05:00,114.79696278386743,116.35957833867243,108.34747559821936,110.22857666015625,17996400,-0.04525860701756612,0.027702686750064067
C,2026-02-24 00:00:00-05:00,108.93469148181357,110.8755151727766,106.99387538432484,109.04417419433594,14981000,-0.01074496742774722,0.02692003929181136
C,2026-02-25 00:00:00-05:00,110.79589564770406,113.97087928571067,110.30820473564299,113.80167388916016,13649100,0.043629104718107214,0.03209378370522343
C,2026-02-26 00:00:00-05:00,114.15997683949979,116.4491512257723,113.92110891187619,115.6429672241211,14759400,0.016179844039502456,0.030521445682735467
C,2026-02-27 00:00:00-05:00,112.64713958065602,112.64713958065602,108.14842345251766,109.67121887207031,29106900,-0.05163952893458079,0.030233713427927668
C,2026-03-02 00:00:00-05:00,105.75971798273174,111.36320856992064,105.69999530598076,110.92527770996094,18976600,0.011434712322778706,0.030447783623504324
C,2026-03-03 00:00:00-05:00,106.92420916908699,111.85090103892487,106.24741037304199,110.23853302001953,15813300,-0.006191056755675217,0.02914393983112727
C,2026-03-04 00:00:00-05:00,111.1442414443616,111.80113772427976,109.9697967325021,110.79589080810547,13042200,0.005055925299592978,0.028057907698040545
C,2026-03-05 00:00:00-05:00,110.04942548329313,111.0745749291009,107.38204287776121,108.43704986572266,15549100,-0.02128996775221781,0.028591108984678922
C,2026-03-06 00:00:00-05:00,104.69475491324286,106.08815746548743,102.60463589792722,106.0284423828125,16586900,-0.02221203440975872,0.028829598333394272
C,2026-03-09 00:00:00-04:00,103.95823364191168,106.54599860004386,101.52972662263565,106.0881576538086,18525600,0.000563200492755378,0.02574441043638825
C,2026-03-10 00:00:00-04:00,107.89959394561575,110.3878235900385,106.86448950231897,108.45695495605469,17843900,0.022328574221979203,0.026815485630535076
C,2026-03-11 00:00:00-04:00,107.82992200923796,109.02427685870403,106.97397795164474,108.6759262084961,12958400,0.002018969207923327,0.022063670994411276
C,2026-03-12 00:00:00-04:00,105.85924754357099,106.49623375481339,104.14734425330403,105.0032958984375,17487000,-0.033794331810088396,0.022544992618674355
C,2026-03-13 00:00:00-04:00,105.62038153102331,107.39199993780994,104.8938150865955,105.1924057006836,11406900,0.0018009892035104613,0.0170855761427768
C,2026-03-16 00:00:00-04:00,106.80476901765975,108.17827666937275,106.10806774032302,106.8445816040039,11902600,0.015706227957381635,0.01756187851846141
C,2026-03-17 00:00:00-04:00,107.98916999255903,109.22332980915827,106.91425292964622,107.20288848876953,12758400,0.0033535335099501573,0.01766455995423532
C,2026-03-18 00:00:00-04:00,106.60571800857774,109.03423271987032,106.60571800857774,108.15837097167969,12337200,0.00891284270768744,0.01789207332807682
C,2026-03-19 00:00:00-04:00,106.82467729882302,110.05937584814069,106.32703136815877,109.33280944824219,16714500,0.010858507446178223,0.01695686306791943
C,2026-03-20 00:00:00-04:00,109.08398918698582,110.68640973092495,108.34747531751812,109.00436401367188,29718400,-0.003004088491166068,0.015018274681114866
C,2026-03-23 00:00:00-04:00,112.59737032242191,112.85614834353495,110.44754375921825,111.11438751220703,16883200,0.019357238745693728,0.015849838123023405
C,2026-03-24 00:00:00-04:00,109.65130652081965,114.25951286588675,108.97450772680733,113.20449829101562,14105700,0.01881044233429252,0.01545040604236103
C,2026-03-25 00:00:00-04:00,114.44861053964804,115.58324266926928,113.05520039644539,113.9410171508789,11314900,0.006506091815979831,0.015438660220621913
C,2026-03-26 00:00:00-04:00,113.52299340741564,114.24955984657404,111.04471866496726,111.88076782226562,12689900,-0.01808171789343549,0.011318310253824708
C,2026-03-27 00:00:00-04:00,110.54707264891991,111.3333541726569,106.45642227250858,106.87444305419922,23143000,-0.04474696469744899,0.019813508175761482
C,2026-03-30 00:00:00-04:00,107.94936106099759,108.90484039589278,106.01849230040065,106.76496124267578,20319300,-0.0010243965572566127,0.01920266609650163
C,2026-03-31 00:00:00-04:00,108.58634713971297,113.23435859165818,107.83987819843152,112.87606048583984,18267700,0.05723880917517121,0.026422229244747925
C,2026-04-01 00:00:00-04:00,114.92635416860345,116.24013914154946,113.53294402312147,114.75715637207031,13273700,0.016665144744898663,0.026646824956056973
C,2026-04-02 00:00:00-04:00,111.79118430258558,115.06569551788735,111.22386823145273,114.70738983154297,9833900,-0.0004336682966070704,0.02666945786789307
C,2026-04-06 00:00:00-04:00,115.25480404970176,117.14585256838842,115.25480404970176,116.80745697021484,13319700,0.01830803701275041,0.026798574418811828
C,2026-04-07 00:00:00-04:00,115.93160333000355,117.14585306400578,115.20503690515326,116.57853698730469,8450100,-0.001959806238813422,0.02657628041337283
C,2026-04-08 00:00:00-04:00,121.37584181659311,123.90388410484256,121.1568839813529,122.9085922241211,16312000,0.05429863335397456,0.030661729528710546
C,2026-04-09 00:00:00-04:00,122.2317968686382,124.8892320357145,121.75406100484277,124.33186340332031,8835400,0.011579916045282745,0.030663794185036352
C,2026-04-10 00:00:00-04:00,124.65035603645741,124.8792765157003,123.02803296521297,123.80435943603516,8958000,-0.004242709413708301,0.029589992242148092
C,2026-04-13 00:00:00-04:00,122.43085426937536,125.71531286321817,121.77395799452222,125.68545532226562,14416800,0.015194100553481471,0.022316997055775
C,2026-04-14 00:00:00-04:00,127.46703964018133,130.37329013650518,126.25277472596856,128.9699249267578,17034700,0.02613245578870349,0.021579249245678656
C,2026-04-15 00:00:00-04:00,130.63206120177475,132.23448175999448,129.95527000299825,131.0699920654297,14738900,0.016283386532670363,0.016967922253722005
C,2026-04-16 00:00:00-04:00,130.6221122750529,132.14490764205263,128.6116184177723,128.73104858398438,9290300,-0.01784499597953526,0.019890587184774208
C,2026-04-17 00:00:00-04:00,130.46286622676394,132.94114856595144,130.04484544430147,131.55767822265625,15929400,0.02195763702513287,0.019627540361694718
C,2026-04-20 00:00:00-04:00,131.35861441269105,132.81174719928958,131.03016627900203,132.423583984375,10151800,0.006581947731346016,0.019689797997780593
C,2026-04-21 00:00:00-04:00,132.97100185914488,134.65303238710462,130.64200730706807,131.06002807617188,8081400,-0.010296926477718737,0.020542168759626653
C,2026-04-22 00:00:00-04:00,131.78660716980943,131.84632225527773,128.7907687619201,129.1192169189453,10439100,-0.014808566621842711,0.015793256390215386
C,2026-04-23 00:00:00-04:00,128.88034997208905,129.37799590808714,126.24281739912989,127.90495300292969,9084600,-0.009404207560969602,0.016218116103954253
C,2026-04-24 00:00:00-04:00,127.6760396694887,128.45236611192186,126.89971322705556,127.37745666503906,6835000,-0.004124127529905319,0.016212310750887533
C,2026-04-27 00:00:00-04:00,127.25802524060359,128.79076811203748,127.03905980369169,128.53199768066406,6155900,0.00906393521940907,0.015809507617040666
C,2026-04-28 00:00:00-04:00,129.84578697231348,130.69177596873325,127.40730968623241,127.92486572265625,9585300,-0.004723586102786781,0.013494590825632225
C,2026-04-29 00:00:00-04:00,127.95472532547973,128.31303102001385,125.9840515990166,127.00920104980469,12796000,-0.007157831807591997,0.01218275546849294
C,2026-04-30 00:00:00-04:00,127.0987685633553,128.31302585781714,125.95418898942016,127.37745666503906,12127700,0.0028994404514832706,0.01110711313472571
C,2026-05-01 00:00:00-04:00,128.03435122685735,129.86568470399803,126.26273283465288,126.84000396728516,10616500,-0.004219370615690887,0.007637880856010409
C,2026-05-04 00:00:00-04:00,126.86000061035156,127.05000305175781,124.5999984741211,125.62999725341797,15027900,-0.00953963005377445,0.006912478996561446
C,2026-05-05 00:00:00-04:00,126.30999755859375,128.5800018310547,126.05000305175781,128.00999450683594,13566900,0.01894449817281374,0.0100184906636864
C,2026-05-06 00:00:00-04:00,130.49000549316406,131.5800018310547,127.47000122070312,127.5999984741211,13363800,-0.00320284392085457,0.00903311315919911
C,2026-05-07 00:00:00-04:00,127.62000274658203,131.22999572753906,127.05999755859375,129.08999633789062,18802300,0.011677099385480894,0.00934631023981146
C,2026-05-08 00:00:00-04:00,130.19000244140625,131.9499969482422,125.22000122070312,125.55000305175781,17505500,-0.027422677097820536,0.012960235482239664
C,2026-05-11 00:00:00-04:00,125.87000274658203,128.08999633789062,124.69000244140625,125.8499984741211,11377100,0.0023894497417065175,0.012527952410033677
C,2026-05-12 00:00:00-04:00,126.06999969482422,126.55999755859375,123.25,126.44000244140625,9937100,0.004688152359465292,0.012656446696765536
C,2026-05-13 00:00:00-04:00,125.0,125.8499984741211,123.76000213623047,124.0999984741211,7207100,-0.018506832664524353,0.01372434601323132
C,2026-05-14 00:00:00-04:00,125.08000183105469,126.3499984741211,123.4800033569336,124.81999969482422,8226300,0.005801782671683631,0.013874720604870007
C,2026-05-15 00:00:00-04:00,124.4800033569336,124.5,122.7300033569336,123.41999816894531,7762100,-0.011216163509868649,0.014175646125743934
C,2026-05-18 00:00:00-04:00,123.30999755859375,124.44999694824219,121.80999755859375,122.41000366210938,8770600,-0.008183394278238332,0.014108615941087366
C,2026-05-19 00:00:00-04:00,121.44999694824219,121.44999694824219,119.76000213623047,119.97000122070312,11092200,-0.019933031356991315,0.012841489851354358
C,2026-05-20 00:00:00-04:00,120.97000122070312,125.27999877929688,119.88999938964844,124.81999969482422,11182000,0.04042676022982428,0.019651139075879075
C,2026-05-21 00:00:00-04:00,124.02999877929688,125.44999694824219,123.27999877929688,125.22000122070312,6834900,0.003204626877558736,0.019171389851838954
C,2026-05-22 00:00:00-04:00,125.98999786376953,126.48999786376953,124.87999725341797,125.08999633789062,6331000,-0.0010382117995939577,0.01712392102465744
C,2026-05-26 00:00:00-04:00,126.25,127.43000030517578,125.26000213623047,126.86000061035156,8966900,0.014149846704606395,0.01771786006030632
C,2026-05-27 00:00:00-04:00,127.08999633789062,127.7699966430664,124.45999908447266,125.38999938964844,8246300,-0.011587586423069673,0.018079097354761715
C,2026-05-28 00:00:00-04:00,124.47000122070312,125.3499984741211,123.23999786376953,124.68000030517578,7933200,-0.005662326245543192,0.017102386125663168
C,2026-05-29 00:00:00-04:00,124.6500015258789,126.8499984741211,123.5199966430664,125.9000015258789,17325700,0.009785059494040516,0.01728253665108001
C,2026-06-01 00:00:00-04:00,124.08000183105469,129.10000610351562,123.5999984741211,129.08999633789062,12543700,0.025337527985303643,0.018251441014132206
C,2026-06-02 00:00:00-04:00,128.69000244140625,132.4600067138672,128.69000244140625,131.25999450683594,13589300,0.016809963827602692,0.018008459282517156
C,2026-06-03 00:00:00-04:00,130.92999267578125,131.85000610351562,128.27000427246094,129.92999267578125,11146400,-0.010132575702533786,0.01658093899349228
C,2026-06-04 00:00:00-04:00,131.27000427246094,135.6699981689453,130.8699951171875,135.14999389648438,11482600,0.040175490763928234,0.01652665838701131
C,2026-06-05 00:00:00-04:00,135.41000366210938,135.8300018310547,131.19000244140625,132.47000122070312,12557900,-0.01982976542221626,0.018742155015079875
C,2026-06-08 00:00:00-04:00,133.39999389648438,134.8800048828125,132.97000122070312,133.27999877929688,11550500,0.006114573496864839,0.018588007885361916
C,2026-06-09 00:00:00-04:00,134.72999572753906,135.92999267578125,131.9199981689453,134.72999572753906,11663300,0.010879328942996924,0.01846714760503635
C,2026-06-10 00:00:00-04:00,134.19000244140625,137.1199951171875,132.55999755859375,133.3800048828125,15085500,-0.01001997244516073,0.018305427199105287
C,2026-06-11 00:00:00-04:00,134.39999389648438,138.22999572753906,133.80999755859375,138.07000732421875,12464200,0.03516271007432392,0.01981961574045796
C,2026-06-12 00:00:00-04:00,139.75,141.1199951171875,138.2100067138672,139.8300018310547,10359700,0.012747116777527712,0.01983106619492935
C,2026-06-15 00:00:00-04:00,142.42999267578125,143.55999755859375,140.8800048828125,141.2100067138672,12775600,0.009869161587223951,0.01915638216069742
C,2026-06-16 00:00:00-04:00,143.0399932861328,143.5,141.0500030517578,142.99000549316406,13234700,0.01260533032126876,0.01901587432609455
C,2026-06-17 00:00:00-04:00,143.1999969482422,146.5399932861328,143.0399932861328,143.77999877929688,13140300,0.005524814712805748,0.017899542118534447
C,2026-06-18 00:00:00-04:00,146.49000549316406,147.9600067138672,143.0399932861328,143.05999755859375,29331200,-0.005007659109862228,0.014993471646314496
C,2026-06-22 00:00:00-04:00,144.7100067138672,146.3699951171875,144.47999572753906,145.6699981689453,14979400,0.01824409796513926,0.01236437080756473
C,2026-06-23 00:00:00-04:00,144.1300048828125,146.13999938964844,143.13999938964844,144.97000122070312,13297300,-0.004805361138470965,0.013163931003107223
C,2026-06-24 00:00:00-04:00,144.99000549316406,145.9199981689453,143.17999267578125,143.58999633789062,13904300,-0.009519244472596555,0.014290003031343871
C,2026-06-25 00:00:00-04:00,144.88999938964844,147.7899932861328,144.82000732421875,144.97999572753906,12155900,0.009680335852767508,0.013068267786277342
C,2026-06-26 00:00:00-04:00,144.6300048828125,145.10000610351562,140.75999450683594,141.75999450683594,17927100,-0.02220996906879813,0.01262420050437117
C,2026-06-29 00:00:00-04:00,141.85000610351562,143.83999633789062,141.42999267578125,142.49000549316406,9526100,0.005149626231771176,0.0121738029997935
C,2026-06-30 00:00:00-04:00,141.0,141.89999389648438,139.3800048828125,139.9600067138672,22118600,-0.017755622722733677,0.013263445584491508
C,2026-07-01 00:00:00-04:00,140.24000549316406,141.27999877929688,138.25999450683594,140.1300048828125,13702800,0.0012146196112496899,0.012447393880720905
C,2026-07-02 00:00:00-04:00,141.8800048828125,142.11000061035156,138.22000122070312,139.97000122070312,9500100,-0.0011418229967463667,0.012178283355721423
C,2026-07-06 00:00:00-04:00,141.8699951171875,143.88999938964844,141.55999755859375,143.86000061035156,14139700,0.027791665040530544,0.015441872091090885
C,2026-07-07 00:00:00-04:00,144.05999755859375,144.7100067138672,140.66000366210938,140.77000427246094,9737600,-0.021479190357158173,0.015526307166458178
C,2026-07-08 00:00:00-04:00,140.13999938964844,140.24000549316406,137.14999389648438,137.38999938964844,9831400,-0.024010831712915848,0.01686250084349903
C,2026-07-09 00:00:00-04:00,138.75999450683594,139.83999633789062,138.00999450683594,139.57000732421875,10269000,0.015867297068600017,0.018016186391966095
C,2026-07-10 00:00:00-04:00,141.38999938964844,141.44000244140625,139.75,140.7899932861328,10517800,0.008741032441734076,0.017946844231197
C,2026-07-13 00:00:00-04:00,141.10000610351562,141.47000122070312,137.57000732421875,140.7100067138672,12439900,-0.0005681268277573093,0.016598120370880202
C,2026-07-14 00:00:00-04:00,137.74000549316406,144.2899932861328,132.16000366210938,133.27000427246094,32127800,-0.052874721671611,0.02319042807062033
C,2026-07-15 00:00:00-04:00,134.0800018310547,135.1199951171875,131.77000427246094,134.88999938964844,18092200,0.01215573696445249,0.023493143772189386
C,2026-07-16 00:00:00-04:00,134.72000122070312,135.0,131.2100067138672,131.7100067138672,13763500,-0.02357471043198245,0.02424439107672132
C,2026-07-17 00:00:00-04:00,129.44000244140625,131.25,127.08000183105469,129.36000061035156,15691900,-0.017842274570837202,0.024453785843753458
C,2026-07-20 00:00:00-04:00,129.55999755859375,131.27000427246094,128.44000244140625,128.72000122070312,10961300,-0.004947428777278606,0.021162120694354077
C,2026-07-21 00:00:00-04:00,129.57000732421875,133.5399932861328,129.1699981689453,132.83999633789062,11223100,0.03200741981134203,0.024649927904673467
GS,2025-07-22 00:00:00-04:00,689.774428735632,692.5486002047516,678.2269183067817,686.5885620117188,1978900,,
GS,2025-07-23 00:00:00-04:00,688.1472040128454,704.8215496829964,687.6570706766539,703.3609619140625,2395700,0.024428603723313236,
GS,2025-07-24 00:00:00-04:00,704.743092518226,711.4481427013316,700.6259606395282,704.9881591796875,1974700,0.002313459736515533,
GS,2025-07-25 00:00:00-04:00,706.5370845271526,715.486924895958,704.1746081135667,714.5948486328125,1851400,0.013626738730340149,
GS,2025-07-28 00:00:00-04:00,713.6341311719812,718.0649556377284,707.9191597700191,709.3699951171875,1464800,-0.007311630535290603,
GS,2025-07-29 00:00:00-04:00,712.5068712611394,719.6432419995773,708.1642966898378,717.53564453125,2136000,0.011511128847102592,
GS,2025-07-30 00:00:00-04:00,716.7122133940387,723.3192014159648,708.9092688794633,716.3298950195312,1816200,-0.0016804036439282966,
GS,2025-07-31 00:00:00-04:00,712.2519571169744,719.5548956469156,706.2232934093392,709.3111572265625,2358100,-0.009798191924933364,
GS,2025-08-01 00:00:00-04:00,696.4892630975747,700.4201419146029,680.3540525914104,695.5678100585938,2999100,-0.01937562524986336,
GS,2025-08-04 00:00:00-04:00,701.0867588058161,712.4480164022169,701.0867588058161,711.7030639648438,1753700,0.02319724069015039,
GS,2025-08-05 00:00:00-04:00,713.634138034062,715.0065353087269,700.449539314402,706.6840209960938,1977300,-0.007052158720224244,0.014707118279118045
GS,2025-08-06 00:00:00-04:00,710.2032221280867,713.9282236113356,707.7525553850636,710.4384765625,1477100,0.005312778349104708,0.012718219270106305
GS,2025-08-07 00:00:00-04:00,716.2024153176443,718.4766411262242,703.4491366232222,705.537109375,1400400,-0.00689907338805118,0.01295003484291462
GS,2025-08-08 00:00:00-04:00,711.5363165635921,713.6341014960454,704.468632503902,707.0369262695312,1275400,0.0021257803092169514,0.012103514143595454
GS,2025-08-11 00:00:00-04:00,707.9486079810231,709.5562596949599,701.6160636916749,705.0469970703125,1273500,-0.0028144629018430622,0.011925052025043962
GS,2025-08-12 00:00:00-04:00,710.9678893124791,733.3767726107974,710.0561885939944,728.710693359375,2418100,0.03356328923801177,0.01580913432084442
GS,2025-08-13 00:00:00-04:00,731.0633290414049,734.1315087714756,718.1629857501376,729.9948120117188,1862600,0.0017621789607944471,0.015765785381316455
GS,2025-08-14 00:00:00-04:00,728.0636259033031,733.3962789335744,722.4565293198689,732.4552612304688,1371200,0.003370502335447334,0.015210822511788014
GS,2025-08-15 00:00:00-04:00,734.2197806135523,734.2687819838953,714.7908868494043,716.3004760742188,1645900,-0.022055661296105922,0.015671742070457507
GS,2025-08-18 00:00:00-04:00,715.1045556844332,717.1729040563725,709.5856493921442,716.5357666015625,1157800,0.00032848020516929033,0.01398283259643271
GS,2025-08-19 00:00:00-04:00,714.7712806668087,715.5947310664358,703.5668388381553,707.1448364257812,1856400,-0.013106017331585895,0.014481016659848685
GS,2025-08-20 00:00:00-04:00,706.9683149291217,707.9975829381718,691.6271180331997,706.4585571289062,1872700,-0.0009704932589817972,0.014368415181646716
GS,2025-08-21 00:00:00-04:00,702.4003453862659,705.0274532083358,698.9007857602054,701.822021484375,1162000,-0.006563068134349481,0.014352092740377824
GS,2025-08-22 00:00:00-04:00,705.9293200070513,730.1419209829708,704.400106252295,727.2501220703125,1948600,0.036231551315754285,0.018485627243810736
GS,2025-08-25 00:00:00-04:00,727.2500441743131,731.7690591015532,723.7602972702863,724.211181640625,1381200,-0.004178672972974362,0.01853805626579039
GS,2025-08-26 00:00:00-04:00,723.1525879404148,734.3765940879682,719.3785251470637,734.1707763671875,1511600,0.013752334925290821,0.015736637948521
GS,2025-08-27 00:00:00-04:00,731.2494663609954,738.1407694613018,730.3182609307717,734.87646484375,1534800,0.0009612048031308884,0.0157335575577812
GS,2025-08-28 00:00:00-04:00,736.1704318428535,738.4642820980037,732.2493652964773,736.3958740234375,1411200,0.0020675708807882387,0.015715078033746575
GS,2025-08-29 00:00:00-04:00,735.8933401798311,738.0712880954991,728.196476576733,734.4544677734375,1467000,-0.002636362204737508,0.013663993965607043
GS,2025-09-02 00:00:00-04:00,725.7228489345496,725.7228489345496,710.7134260883109,720.2630615234375,2296400,-0.01932237718292118,0.015335912159477117
GS,2025-09-03 00:00:00-04:00,718.0062055350631,721.4161062377915,711.8368771702192,719.9772338867188,1485600,-0.0003968378388226057,0.014579663269675662
GS,2025-09-04 00:00:00-04:00,723.1210111990421,738.061379321732,720.5783678369725,738.0515747070312,1778200,0.025104044919226354,0.01624666340063204
GS,2025-09-05 00:00:00-04:00,741.2939491434615,746.3791760906007,716.6166945427516,727.5164794921875,1822800,-0.014274199223849204,0.016995912815973492
GS,2025-09-08 00:00:00-04:00,728.7089063983016,732.769220165311,722.9436722820858,731.1036987304688,1400100,0.004930773857913406,0.012679459845456802
GS,2025-09-09 00:00:00-04:00,729.4086423351365,754.5293901055707,727.8416482634565,752.85400390625,2611300,0.029749959155657146,0.015487043891057633
GS,2025-09-10 00:00:00-04:00,750.8238666376,763.2511868039619,750.5972176100646,758.4320678710938,1996200,0.007409224014087057,0.015169585700832917
GS,2025-09-11 00:00:00-04:00,760.8169721496809,781.6802911887554,760.1763638510663,773.362548828125,2075700,0.01968598321394932,0.015974962911225927
GS,2025-09-12 00:00:00-04:00,772.1504253784065,775.629319600717,765.0153117355115,768.76025390625,1099400,-0.005951018611967784,0.016348319366922284
GS,2025-09-15 00:00:00-04:00,771.608352495527,780.9017441542022,770.1202164340411,775.3631591796875,1292000,0.008589030507087925,0.016193870065193225
GS,2025-09-16 00:00:00-04:00,778.0930577896903,778.5660853589413,768.39557156295,774.1510009765625,1529500,-0.0015633425302375992,0.013986150688935538
GS,2025-09-17 00:00:00-04:00,777.4327460202405,787.0021109091882,773.8553245303494,782.715087890625,1945300,0.011062553562882771,0.013750335004426923
GS,2025-09-18 00:00:00-04:00,784.0455509353465,795.5859440427938,780.921487717317,792.658935546875,1501600,0.01270430046653126,0.012594595658495512
GS,2025-09-19 00:00:00-04:00,792.4421367702416,797.9313979121331,785.8194500908996,793.3389282226562,3789800,0.0008578628780764319,0.010449663679600681
GS,2025-09-22 00:00:00-04:00,789.5348522300642,794.3540310530707,785.9869650571767,793.8908081054688,1151000,0.0006956420051753565,0.010704261354250821
GS,2025-09-23 00:00:00-04:00,795.4085013545462,813.295608473162,790.3824029027276,794.6398315429688,1758800,0.0009434842044429015,0.007772108319132036
GS,2025-09-24 00:00:00-04:00,797.8231113041302,801.0654919362538,780.8624482349952,780.9511108398438,1402500,-0.017226320856010058,0.010504022515367115
GS,2025-09-25 00:00:00-04:00,774.6142000044849,786.6177563436844,770.682007773663,783.247314453125,1413100,0.0029402655062644723,0.008729732628193295
GS,2025-09-26 00:00:00-04:00,785.612472708354,797.7737443951031,783.611910162147,790.885009765625,1376200,0.009751320140602981,0.008691634182639145
GS,2025-09-29 00:00:00-04:00,796.0984260672956,797.1233994186408,786.4305333535833,792.4717407226562,1059000,0.0020062726406984144,0.008456937516285458
GS,2025-09-30 00:00:00-04:00,793.8316879733414,797.8920016646126,775.0576544965396,784.814208984375,2463900,-0.009662845177669466,0.009213281284598729
GS,2025-10-01 00:00:00-04:00,782.123792530161,784.7452940468534,771.8842853210717,774.1312866210938,1788900,-0.013612039946506505,0.009634612198478722
GS,2025-10-02 00:00:00-04:00,777.4524731061118,779.5417584684341,761.250616706113,768.090087890625,1553700,-0.007803842623177237,0.008494366635932383
GS,2025-10-03 00:00:00-04:00,771.6576895583662,783.4050030603156,766.5921316683158,778.5365600585938,1470500,0.013600581927385003,0.009981517936461777
GS,2025-10-06 00:00:00-04:00,783.48379295204,790.8751494893233,768.750343557519,785.238037109375,1632600,0.008607787218466445,0.010504451008420795
GS,2025-10-07 00:00:00-04:00,786.4403231319254,793.6542942163699,770.0709468824275,778.2113037109375,1547200,-0.00894853925352923,0.01075901436372039
GS,2025-10-08 00:00:00-04:00,780.2808848254331,783.4838060451143,763.1231086966021,765.2616577148438,1939300,-0.016640269724100265,0.0106682838883084
GS,2025-10-09 00:00:00-04:00,767.5677156449597,771.5689009171675,760.1763590964712,768.6616821289062,1575000,0.004442956706096179,0.010755455743060997
GS,2025-10-10 00:00:00-04:00,771.7758531368867,780.1921225067388,752.9328269907693,753.28759765625,2457900,-0.020001106897999388,0.0112985060705703
GS,2025-10-13 00:00:00-04:00,766.6118336387212,779.5910395372795,766.6118336387212,775.3829345703125,2766000,0.029331874018381665,0.015609673444830163
GS,2025-10-14 00:00:00-04:00,753.3763782100943,775.1759485434106,731.7049295409796,759.594970703125,4710800,-0.020361505474629227,0.01652765370650251
GS,2025-10-15 00:00:00-04:00,767.3410573489115,771.1549924697414,751.6122291495192,756.805908203125,3217400,-0.0036717758905358,0.01612167868084609
GS,2025-10-16 00:00:00-04:00,759.4963195882016,770.1201911545714,741.5106860851039,747.1084594726562,3160900,-0.012813653573996664,0.016392649884632432
GS,2025-10-17 00:00:00-04:00,747.1676310160249,747.946165596567,729.2903886035565,739.89453125,2884700,-0.009655797804442146,0.015454593651811108
GS,2025-10-20 00:00:00-04:00,746.0342384418652,755.3177652272203,741.9739248095863,752.2626953125,1925400,0.016716117689915766,0.016428205228605212
GS,2025-10-21 00:00:00-04:00,748.0053252367004,754.2140530602404,747.2859190734017,747.985595703125,1782200,-0.005685646298861369,0.01635477264429459
GS,2025-10-22 00:00:00-04:00,749.5919346001375,749.5919346001375,732.3454362525788,733.8138427734375,2141400,-0.018946558611687814,0.0165702706713165
GS,2025-10-23 00:00:00-04:00,738.4852150983854,744.0631988377974,733.8729558468717,739.9043579101562,1615400,0.008299809545292414,0.01683309143320399
GS,2025-10-24 00:00:00-04:00,748.842966434872,773.2443084860438,745.0487606954401,772.52490234375,2505600,0.04408751494007923,0.0214855192032352
GS,2025-10-27 00:00:00-04:00,777.5707372429499,785.1690737061155,775.6095735247633,778.54638671875,1645300,0.007794550514464316,0.019511403473898632
GS,2025-10-28 00:00:00-04:00,780.5765687644163,786.7951614278965,775.94463964598,780.6160278320312,1242000,0.0026583401433586396,0.01807147967915411
GS,2025-10-29 00:00:00-04:00,776.5851783231896,788.8942408782873,767.538165316683,771.7167358398438,2251500,-0.01140034495179798,0.018541869665105553
GS,2025-10-30 00:00:00-04:00,772.209497583184,795.4479390639711,769.2923539216112,778.7138671875,1829500,0.009066968516681762,0.017864353206476575
GS,2025-10-31 00:00:00-04:00,773.6089418588799,780.2512981521454,771.6576429296814,777.9353637695312,1328100,-0.0009997297476934675,0.01731460122446727
GS,2025-11-03 00:00:00-05:00,778.1324336561212,784.4692825774129,770.1201986086705,774.14111328125,1569100,-0.004877333857013499,0.017057733552909165
GS,2025-11-04 00:00:00-05:00,765.7445284036169,794.3244400171367,761.8024716293384,779.3742065429688,2046000,0.00675986996677902,0.016805784707540006
GS,2025-11-05 00:00:00-05:00,778.9898647138912,785.8096062937142,764.3451377986157,781.6015014648438,1832700,0.00285779912034112,0.014751544851765304
GS,2025-11-06 00:00:00-05:00,782.4983102922872,786.637482150233,765.7445681323768,776.1713256835938,1572500,-0.006947499168147742,0.015313485947034366
GS,2025-11-07 00:00:00-05:00,771.6576358172671,775.6588211525012,751.7502365028895,774.9492797851562,2098400,-0.0015744538067818947,0.006735334602042474
GS,2025-11-10 00:00:00-05:00,784.5481454341376,794.6791999283029,777.373573329629,785.6519165039062,1698200,0.013810757681737673,0.007678458355431599
GS,2025-11-11 00:00:00-05:00,786.9133714737683,800.2375429144618,784.0849504876173,798.572021484375,1521500,0.016445075368697992,0.00912384893176637
GS,2025-11-12 00:00:00-05:00,802.33675326636,827.8320031218527,802.33675326636,826.81689453125,2954100,0.03536922442433399,0.012627204061299864
GS,2025-11-13 00:00:00-05:00,820.9924331959973,829.09339096319,793.3586374851283,793.8316650390625,2557400,-0.039894237418658385,0.019405666582309914
GS,2025-11-14 00:00:00-05:00,784.0258646088754,789.0125644035685,766.7301012195379,779.4530639648438,2552000,-0.018112909458595672,0.02043611567463891
GS,2025-11-17 00:00:00-05:00,778.5562678177587,785.18875955983,759.3387396880798,764.325439453125,1850600,-0.019407999289616007,0.02134799032819752
GS,2025-11-18 00:00:00-05:00,760.8760560719772,776.289511891786,755.4359986882776,765.0546264648438,1673500,0.000954026876614833,0.021189766381074858
GS,2025-11-19 00:00:00-05:00,765.0546739220587,776.4570806203654,763.7735174713418,774.6043090820312,1521100,0.01248235392198671,0.02163124329313304
GS,2025-11-20 00:00:00-05:00,783.7301274638397,804.1795460678946,761.0041735802654,762.4923095703125,2599000,-0.015636369911332437,0.02208047529626797
GS,2025-11-21 00:00:00-05:00,765.577054834328,769.0657536393828,743.0777475715416,762.817626953125,2284700,0.00042665005106190534,0.02208936002403772
GS,2025-11-24 00:00:00-05:00,767.3608174254849,782.4884368535778,764.1283018662043,779.2559814453125,2319500,0.021549521027517615,0.022803769792910093
GS,2025-11-25 00:00:00-05:00,785.4548111856097,793.5951680373666,766.720176767673,790.69775390625,2252900,0.014682944672065323,0.0226639516433372
GS,2025-11-26 00:00:00-05:00,794.1668508133124,807.7078073443738,793.338992354842,804.1895141601562,1862500,0.017063106841082476,0.02000492041908357
GS,2025-11-28 00:00:00-05:00,808.1216733847655,818.5385660756641,807.0868954673417,814.0741577148438,868300,0.012291435514438787,0.01548911497783391
GS,2025-12-01 00:00:00-05:00,806.7321408040563,812.7831526175127,797.8821818877664,799.1140747070312,2133200,-0.01837680617427584,0.015528555816616503
GS,2025-12-02 00:00:00-05:00,803.3332097388572,811.8308583110671,800.5402746011598,807.3839721679688,2254200,0.010348832191410695,0.01356956602896896
GS,2025-12-03 00:00:00-05:00,805.1456378076209,829.8659814534967,805.1456378076209,828.5388793945312,2347900,0.026201792400904145,0.014897367634084007
GS,2025-12-04 00:00:00-05:00,827.5186887656407,835.887579788815,826.4886946586389,829.7867431640625,1670800,0.0015061016453967735,0.014943167053462636
GS,2025-12-05 00:00:00-05:00,829.2222338753676,847.9804104882268,828.4893476177687,846.3561401367188,2277500,0.019968259446367487,0.013073630566307249
GS,2025-12-08 00:00:00-05:00,852.8333279144113,862.202532710398,848.0794204942646,858.3696899414062,2238100,0.014194438056238212,0.012603690960113881
GS,2025-12-09 00:00:00-05:00,857.6863466479022,875.236204540594,856.0125683340502,868.164794921875,2274800,0.011411289442358363,0.012144480086543844
GS,2025-12-10 00:00:00-05:00,862.9849773523011,888.5868524806153,860.9249889675638,880.7032470703125,2394300,0.014442479379235706,0.012136456972404697
GS,2025-12-11 00:00:00-05:00,881.4360911847975,910.2765316831278,879.4751187098009,902.2840576171875,2683000,0.024504066061598273,0.012767652002483434
GS,2025-12-12 00:00:00-05:00,904.977939402971,906.2060256488637,878.4748275057357,879.435546875,2715200,-0.02532296847018156,0.017295343086418752
GS,2025-12-15 00:00:00-05:00,883.4367640630632,895.7870225450473,881.0499267578125,881.0499267578125,1976600,0.001835700056188383,0.01490005948435606
GS,2025-12-16 00:00:00-05:00,881.6836702093026,887.6359831895505,865.9264346378657,870.7100830078125,2161600,-0.011735820452366097,0.01638982584922458
GS,2025-12-17 00:00:00-05:00,877.8211650818964,887.3685742285825,860.1028962664201,863.95556640625,2213300,-0.007757480628028834,0.015631051493514143
GS,2025-12-18 00:00:00-05:00,872.0471429897783,884.2191364323135,866.302835455157,867.887451171875,2066300,0.004551026601958608,0.015600106388755445
GS,2025-12-19 00:00:00-05:00,874.6914454710769,891.1122924143385,873.4831866325773,884.9024658203125,4808300,0.019605093523892725,0.01556075093597219
GS,2025-12-22 00:00:00-05:00,887.9133953034745,896.787340295759,886.2495306174212,890.3695678710938,1442300,0.006178197329027801,0.015212596441844344
GS,2025-12-23 00:00:00-05:00,891.7065380081661,897.2230727806882,885.120414852416,893.0535278320312,1210200,0.003014433621484791,0.014973896263751089
GS,2025-12-24 00:00:00-05:00,892.5087354632198,903.1258536841647,890.0723904289903,902.0364379882812,771800,0.010058646963812867,0.014660338268914172
GS,2025-12-26 00:00:00-05:00,902.254341935098,904.5520770411326,896.618963879796,898.3323364257812,995300,-0.004106376867392236,0.01252350582732837
GS,2025-12-29 00:00:00-05:00,897.7480163863435,897.7776969502469,883.0009471220923,883.614990234375,1578000,-0.016382963848281973,0.01073560650728232
GS,2025-12-30 00:00:00-05:00,886.150377356392,886.4277183379118,872.7205574258533,875.929443359375,1833300,-0.008697845735914256,0.011103296018310992
GS,2025-12-31 00:00:00-05:00,875.6125388135954,877.4943228277873,868.3727178682782,870.5615234375,1221500,-0.006128256062826076,0.010604737111554836
GS,2026-01-02 00:00:00-05:00,875.5135558134159,905.6613327098464,872.2947559758666,905.5623168945312,2817600,0.040204847692816736,0.016107791014796917
GS,2026-01-05 00:00:00-05:00,905.6217084820269,952.4576988054562,903.8389402716671,939.3348999023438,3742000,0.03729459848067629,0.019095745586714792
GS,2026-01-06 00:00:00-05:00,940.2955423062087,949.367639240271,934.1947055208689,946.29736328125,1966000,0.007412120405225098,0.018664181668235767
GS,2026-01-07 00:00:00-05:00,947.6938731242234,949.0507161684332,925.0335182899208,931.9861450195312,2683300,-0.015123383850606076,0.019926664663031616
GS,2026-01-08 00:00:00-05:00,926.4992534327896,936.116057957002,923.0526812200502,925.8555297851562,1960800,-0.006578011129389161,0.020248033468013772
GS,2026-01-09 00:00:00-05:00,929.757752946327,937.056995526318,923.7460181734681,929.9656982421875,1334100,0.004439319445426859,0.02013254335703172
GS,2026-01-12 00:00:00-05:00,925.0335579270275,941.4345787630969,920.1904876394906,940.4342651367188,2179600,0.011256938739051092,0.0200963658181743
GS,2026-01-13 00:00:00-05:00,938.2256884137788,940.8205314482959,922.0623539668134,929.1437377929688,1969600,-0.012005652880064499,0.01962661499182092
GS,2026-01-14 00:00:00-05:00,923.3498654465398,929.1437414496185,909.0881423719485,923.71630859375,2513000,-0.005841323552490119,0.01942146069546418
GS,2026-01-15 00:00:00-05:00,916.0208976392803,971.8398218580155,915.7930645553358,966.4916381835938,3773700,0.046307864429679935,0.02273169729300764
GS,2026-01-16 00:00:00-05:00,963.6591084375203,975.2467994263548,947.8127099431726,952.7647094726562,3071600,-0.014202842703052942,0.02136498536988229
GS,2026-01-20 00:00:00-05:00,937.2947121626017,953.3589703813221,930.0845714906263,934.3135986328125,2629100,-0.019365863005207484,0.019354630708508264
GS,2026-01-21 00:00:00-05:00,934.9375101350598,959.618258836998,934.3928022772602,943.8610229492188,2251300,0.010218650708260224,0.019499819091857978
GS,2026-01-22 00:00:00-05:00,950.8433273989625,961.6287968384512,941.6821283063989,945.4852905273438,2468300,0.0017208757842863687,0.018770754571698973
GS,2026-01-23 00:00:00-05:00,925.1128072316803,928.1929365850489,908.2462669762169,910.0587158203125,3872600,-0.03746919710117558,0.022447117159696005
GS,2026-01-26 00:00:00-05:00,909.5931713770888,924.7760192007825,909.1673066619076,922.9140625,2655900,0.014125843152988038,0.022935301147420335
GS,2026-01-27 00:00:00-05:00,915.1295579749972,924.4393417271565,911.5542286469977,920.7946166992188,2012500,-0.0022964714559013943,0.022559043835021268
GS,2026-01-28 00:00:00-05:00,923.5578815932334,928.1731188352726,913.9014819286365,927.8165893554688,1674100,0.007625992299370443,0.022433905122450505
GS,2026-01-29 00:00:00-05:00,928.3018525104284,946.2083003675783,916.2487021555244,931.0947875976562,2335400,0.003533239521471332,0.022354595164446704
GS,2026-01-30 00:00:00-05:00,924.9840474330892,937.9087547192612,914.3075069329105,926.4299926757812,1893700,-0.005010010778720764,0.01570403229112169
GS,2026-02-02 00:00:00-05:00,923.1814871937376,940.3253074824875,903.3239807815754,937.2451782226562,1802000,0.011674045132798128,0.0159859707028388
GS,2026-02-03 00:00:00-05:00,940.3847602040299,955.2407595753416,910.2369830618794,929.9756469726562,2321900,-0.007756274898939042,0.014933180723929292
GS,2026-02-04 00:00:00-05:00,928.1235596947575,935.0959533059877,885.2194282993655,904.5322265625,3561900,-0.02735923300032861,0.01660853077356361
GS,2026-02-05 00:00:00-05:00,893.0138508974348,902.0859477313048,868.303361579572,881.8619384765625,3214300,-0.025062996563529394,0.01768642101204948
GS,2026-02-06 00:00:00-05:00,899.1543682273673,922.8249504343177,898.5204977723823,919.8339233398438,2473200,0.043058877139973584,0.02030882894045142
GS,2026-02-09 00:00:00-05:00,920.0815153939743,939.8895135725313,918.2096450582895,934.5611572265625,2322600,0.016010753151226798,0.020449834446846234
GS,2026-02-10 00:00:00-05:00,936.6212445988094,952.5964006247325,921.0026180469961,939.879638671875,3324900,0.00569088647028293,0.02044358622796957
GS,2026-02-11 00:00:00-05:00,941.5137577786719,958.8358420327925,922.3396305822372,935.5218505859375,2654300,-0.004636538453046346,0.02045242666459241
GS,2026-02-12 00:00:00-05:00,946.9907130858718,959.0934320339674,895.3017367413962,895.8662719726562,3188700,-0.042388725168144514,0.024565803568161276
GS,2026-02-13 00:00:00-05:00,885.8235900215421,897.2924383338793,860.6575539652756,896.4506225585938,2623000,0.0006522743451997659,0.024594366736846666
GS,2026-02-17 00:00:00-05:00,899.0156898208336,912.7030238135872,896.9853820977502,907.2459106445312,2008500,0.012042256220567094,0.02461905946733185
GS,2026-02-18 00:00:00-05:00,912.7327903233859,938.6020318265028,911.1481141555994,924.76611328125,1864900,0.019311415384911435,0.025506935029933987
GS,2026-02-19 00:00:00-05:00,916.1199126884006,920.7351496508852,897.7876007637025,907.85009765625,1974200,-0.018292209653940184,0.024581274754917067
GS,2026-02-20 00:00:00-05:00,903.7894359206774,913.5151703999004,891.9244642095072,913.3864135742188,2009100,0.006098270994585597,0.022877172376450587
GS,2026-02-23 00:00:00-05:00,909.6823514476142,923.0527507339972,875.2659532845172,883.7437744140625,2535900,-0.03245355823080409,0.020833455761072824
GS,2026-02-24 00:00:00-05:00,876.939706733635,903.0169535277645,873.1861128021866,893.608154296875,1971500,0.011162036065660352,0.02037257213615185
GS,2026-02-25 00:00:00-05:00,905.9385707595484,913.6538246956984,898.8077398133594,912.53466796875,1763600,0.021179880220281833,0.021756772444383864
GS,2026-02-26 00:00:00-05:00,918.8533957630589,929.3813512480314,912.6930771199676,920.0814819335938,2220300,0.00827016685474824,0.022012595065043914
GS,2026-02-27 00:00:00-05:00,903.2447140013328,907.4539136005715,845.950103636087,851.3180541992188,5552300,-0.07473623704485988,0.02972424280619403
GS,2026-03-02 00:00:00-05:00,836.3142104248782,869.7966520679189,832.3317618038074,857.9190063476562,2873200,0.007753802607471494,0.029949679855890293
GS,2026-03-03 00:00:00-05:00,832.3317774173322,864.5299018603185,821.0216377054891,858.795166015625,3782100,0.0010212615194280517,0.029494449540052307
GS,2026-03-04 00:00:00-05:00,866.0233033314352,874.9439493459278,856.2264529921267,863.4446411132812,2081700,0.005413951174442877,0.028529692260401092
GS,2026-03-05 00:00:00-05:00,858.2276182019754,862.7178386116808,818.5923019083422,831.7941284179688,3093700,-0.03665609952075666,0.02993257949330309
GS,2026-03-06 00:00:00-05:00,812.4195338956446,823.5305390186446,797.8139203195095,817.8157348632812,2473000,-0.01680511207896318,0.029583120213994483
GS,2026-03-09 00:00:00-04:00,806.4458464581081,833.0087714913384,791.5116641162913,828.3792114257812,3258200,0.012916695182278337,0.029334655332615932
GS,2026-03-10 00:00:00-04:00,831.0175448995619,842.3775135994551,822.7240786469663,830.1513671875,1871900,0.0021393049671882824,0.028881759540657227
GS,2026-03-11 00:00:00-04:00,826.3082882089209,829.1457584338937,806.9834229987335,820.1454467773438,2227000,-0.012053127665206054,0.027145077141878513
GS,2026-03-12 00:00:00-04:00,801.786398600958,803.6681201830515,780.6594767923647,784.0645141601562,3533000,-0.043993334059175604,0.028189251447866173
GS,2026-03-13 00:00:00-04:00,785.8963611272785,794.49846434799,777.075252410534,778.7777709960938,2567400,-0.006742740002364966,0.019023775494154474
GS,2026-03-16 00:00:00-04:00,788.5247888263667,801.9257496642291,786.5335646121588,791.2826538085938,2082700,0.016057061819452878,0.01997897602979616
GS,2026-03-17 00:00:00-04:00,802.7620360546564,816.8400059428774,799.9444367547594,803.498779296875,1955600,0.015438384033167774,0.0211761984001455
GS,2026-03-18 00:00:00-04:00,797.4853555933689,812.6087070271379,797.4853555933689,801.9456787109375,1541300,-0.0019329221474320146,0.020844533789352932
GS,2026-03-19 00:00:00-04:00,789.450757980204,812.5987411471679,787.1210595105324,805.9480590820312,1765900,0.004990837256617198,0.01830268087414494
GS,2026-03-20 00:00:00-04:00,803.4590116225854,823.600226136298,801.3980871631452,809.9603881835938,3918400,0.004978396630339388,0.017765288114479545
GS,2026-03-23 00:00:00-04:00,829.3448870621654,845.8023843975209,825.3624386248922,827.6224975585938,2190300,0.02180613969852141,0.018725487396430218
GS,2026-03-24 00:00:00-04:00,821.3103450133813,840.7944825887811,814.4107599261373,832.052978515625,1656100,0.005353263075980497,0.018792434974014744
GS,2026-03-25 00:00:00-04:00,841.3022527755711,850.9995056264154,830.2410161078947,838.1461791992188,1628900,0.0073230922079792204,0.01836084442466269
GS,2026-03-26 00:00:00-04:00,830.1314345449495,841.0931340639529,812.5290189853214,819.0303955078125,2052200,-0.022807219272501844,0.01280330383926902
GS,2026-03-27 00:00:00-04:00,810.0997329651887,813.5146753977273,794.2795018526815,799.3670654296875,2106800,-0.024008059024394846,0.015383875309606724
GS,2026-03-30 00:00:00-04:00,807.5609096079204,815.037966460176,798.3614632086708,804.0563354492188,1621400,0.005866228698089504,0.01472566434779345
GS,2026-03-31 00:00:00-04:00,820.2848552245671,844.7768892263738,806.445822361064,842.2778930664062,2689800,0.04753591997485285,0.020441563418379282
GS,2026-04-01 00:00:00-04:00,856.1766779939967,866.381702501079,846.4196911065476,856.435546875,1803600,0.016808768133580232,0.02060292956334089
GS,2026-04-02 00:00:00-04:00,834.7113090494499,863.4944303968281,827.3537204650028,859.2531127929688,1717700,0.003289875027081335,0.02062639359630187
GS,2026-04-06 00:00:00-04:00,859.2132730694112,869.3784948506818,855.9974653167983,862.2498779296875,1444500,0.0034876395466032495,0.020644912261173366
GS,2026-04-07 00:00:00-04:00,854.2352372478092,864.1614613607902,846.2703399308134,860.3582763671875,1498400,-0.0021937974256857062,0.020049835794566203
GS,2026-04-08 00:00:00-04:00,899.0477282599688,914.0914131111363,889.6789839929008,901.7756958007812,2439000,0.04813973500490554,0.02443987814636039
GS,2026-04-09 00:00:00-04:00,898.0421539173074,905.4097080900849,891.3615745546059,899.7545776367188,1797800,-0.002241264843878654,0.024670339493103384
GS,2026-04-10 00:00:00-04:00,899.4061568259743,904.9716555671396,891.0728878645393,903.8167114257812,1642700,0.004514713111804403,0.022359433625847445
GS,2026-04-13 00:00:00-04:00,871.7082278292152,893.0043868405718,861.5430664116833,886.88134765625,4236200,-0.018737608583067167,0.021511645680807528
GS,2026-04-14 00:00:00-04:00,890.4953894144785,910.1786607831826,886.1943376960936,905.638671875,2822600,0.021149756129520192,0.02167653865435979
GS,2026-04-15 00:00:00-04:00,910.9851058311854,923.7189631938282,893.1636242626328,895.5431518554688,2403900,-0.011147403852167503,0.01879143247987339
GS,2026-04-16 00:00:00-04:00,894.0497132467892,903.975997630366,891.9190887369546,896.0509033203125,1742100,0.000566975989701568,0.018482255488396063
GS,2026-04-17 00:00:00-04:00,911.4829258115856,925.1128586129627,908.217288782352,921.8870849609375,2805100,0.028833386077609102,0.019973327257863032
GS,2026-04-20 00:00:00-04:00,919.6270348638764,937.6675223849871,918.9400600411338,937.6077880859375,2374300,0.017052742555414113,0.020150236640517263
GS,2026-04-21 00:00:00-04:00,940.3556864865968,947.8327435418381,918.4920215449791,922.4844360351562,1765400,-0.016129721022960508,0.02142103180520604
GS,2026-04-22 00:00:00-04:00,934.8798179913987,936.8511106221245,927.0642868444145,930.7380981445312,1382600,0.008947210150069607,0.01599701758963831
GS,2026-04-23 00:00:00-04:00,930.8973390362396,940.2461514958565,916.6501319251059,927.2135620117188,1655000,-0.0037868183754794504,0.016063625384805442
GS,2026-04-24 00:00:00-04:00,926.4071429970794,928.8264732380284,915.1865745814679,922.8428344726562,1263300,-0.004713830468117353,0.016239130813477748
GS,2026-04-27 00:00:00-04:00,921.9766331321692,937.5977898511031,921.9368305232924,933.6950073242188,1223000,0.011759502751910844,0.014655927907547255
GS,2026-04-28 00:00:00-04:00,937.109981117505,941.1521640622856,920.1845743729076,922.4844360351562,1501600,-0.012006673700858395,0.014408456383808515
GS,2026-04-29 00:00:00-04:00,923.4302732630828,925.9193036492366,895.2145980680115,901.6263427734375,1725900,-0.02261078067763067,0.015939802945216235
GS,2026-04-30 00:00:00-04:00,906.4152500147118,923.9280948431746,901.0290149063287,919.7166748046875,1880300,0.020064112119443367,0.01706222898369125
GS,2026-05-01 00:00:00-04:00,912.3789989974781,931.6739673349706,908.1376815137018,919.6569213867188,1359800,-6.496937546707215e-05,0.014389893241144097
GS,2026-05-04 00:00:00-04:00,918.2232098806113,920.9412115242092,895.0552963894747,899.3065795898438,1660100,-0.022128188592534515,0.014519326430547048
GS,2026-05-05 00:00:00-04:00,905.7381912105915,917.7054682953158,904.234807192047,914.8580322265625,1507200,0.01729271528716203,0.01526186563700111
GS,2026-05-06 00:00:00-04:00,931.8232473114226,939.9175787356154,927.2434558509663,933.2369995117188,2318200,0.02008942003867631,0.016409987994621875
GS,2026-05-07 00:00:00-04:00,933.8145144098863,941.1422053898132,917.9344881603267,921.8074340820312,1715300,-0.012247227055579235,0.01686111856448759
GS,2026-05-08 00:00:00-04:00,931.892975221478,935.6564183281972,923.3904693109786,932.370849609375,1665000,0.011459460118005138,0.017180048370194174
GS,2026-05-11 00:00:00-04:00,928.5576652353872,945.6125056611387,922.5640608454437,940.7140502929688,2411400,0.008948371441566572,0.017009506254969057
GS,2026-05-12 00:00:00-04:00,938.0259322060158,944.3381400802936,916.7596709102469,941.7495727539062,2236500,0.0011007834533938166,0.016400275838281242
GS,2026-05-13 00:00:00-04:00,937.7073532243602,955.3396051173437,928.9857812616895,951.2277221679688,2355200,0.010064405324173409,0.013987526302883963
GS,2026-05-14 00:00:00-04:00,962.6574154181511,971.3789268372649,956.2854733295283,964.7083740234375,1898000,0.014171845018083218,0.013416314341718511
GS,2026-05-15 00:00:00-04:00,949.4655519556767,955.2898587311545,937.4783427684613,944.3082275390625,1862700,-0.0211464386893353,0.015733825228246234
GS,2026-05-18 00:00:00-04:00,943.5814691885706,957.4702711270156,934.431790906699,942.20751953125,1508000,-0.002224599920395809,0.013307340670228146
GS,2026-05-19 00:00:00-04:00,929.1251177947441,935.5169913874638,919.7564344394463,924.664794921875,1767300,-0.01861874825420895,0.014351329577146682
GS,2026-05-20 00:00:00-04:00,940.8534894606655,978.417916742471,936.373234748948,977.8106079101562,3104400,0.05747576124899578,0.02242774699822806
GS,2026-05-21 00:00:00-04:00,977.9002358621685,995.1143481322039,966.0424610758233,983.8340454101562,2452300,0.006160126972720947,0.021604455055564315
GS,2026-05-22 00:00:00-04:00,990.2656841750414,1000.9485827382347,986.5520704264984,992.3564453125,1923500,0.008662436456740918,0.021554600887967665
GS,2026-05-26 00:00:00-04:00,1002.113500296361,1012.0795266126196,982.6990638791686,990.1561889648438,2080600,-0.0022172036651239013,0.021700047909221448
GS,2026-05-27 00:00:00-04:00,991.5400548498139,999.2461438209881,970.1443597867003,992.0975952148438,2195000,0.0019607070799907422,0.02168306700158025
GS,2026-05-28 00:00:00-04:00,982.0917353818012,1005.5383897283438,978.1391842526722,1003.9454345703125,2273000,0.011942211545128423,0.021735739947189178
GS,2026-05-29 00:00:00-04:00,1004.8414977203302,1022.7126872637696,999.5946022252514,1021.06005859375,2158000,0.017047364761175965,0.021880038511930922
GS,2026-06-01 00:00:00-04:00,1015.3300170898438,1051.199951171875,1011.5999755859375,1048.5799560546875,2666700,0.026952280847063248,0.020517105109044944
GS,2026-06-02 00:00:00-04:00,1049.739990234375,1073.969970703125,1047.8900146484375,1064.5799560546875,2125600,0.015258731494544708,0.02003120834152092
GS,2026-06-03 00:00:00-04:00,1055.280029296875,1055.969970703125,1031.010009765625,1041.02001953125,2562200,-0.022130734652144102,0.020657679011163204
GS,2026-06-04 00:00:00-04:00,1052.8699951171875,1095.9000244140625,1050.0,1092.6099853515625,2608800,0.0495571313254306,0.018793145030388217
GS,2026-06-05 00:00:00-04:00,1092.8199462890625,1098.3599853515625,1035.5999755859375,1038.6800537109375,2643800,-0.04935881271785403,0.02692710800717875
GS,2026-06-08 00:00:00-04:00,1052.780029296875,1063.1800537109375,1042.3299560546875,1045.0,2326700,0.006084593871310995,0.026908646312389765
GS,2026-06-09 00:00:00-04:00,1061.7900390625,1064.3499755859375,1006.2999877929688,1032.010009765625,2868500,-0.01243061266447365,0.027423416862670833
GS,2026-06-10 00:00:00-04:00,1028.3499755859375,1036.31005859375,1000.0399780273438,1001.2899780273438,2287200,-0.0297671838912279,0.029504758172175148
GS,2026-06-11 00:00:00-04:00,1013.5,1036.9200439453125,1000.4500122070312,1035.6400146484375,2561900,0.0343057829149227,0.031198639150935972
GS,2026-06-12 00:00:00-04:00,1053.0,1073.739990234375,1048.06005859375,1062.75,2206000,0.026177035425543504,0.03176586339780038
GS,2026-06-15 00:00:00-04:00,1089.52001953125,1094.1800537109375,1075.0,1076.1700439453125,2364000,0.012627658381851425,0.030951677903067513
GS,2026-06-16 00:00:00-04:00,1086.0,1097.25,1085.530029296875,1090.6700439453125,1965500,0.013473707135390978,0.03087839269756823
GS,2026-06-17 00:00:00-04:00,1098.4599609375,1121.949951171875,1094.2900390625,1099.1400146484375,2180000,0.007765841511963023,0.029611922326022673
GS,2026-06-18 00:00:00-04:00,1120.0,1125.0,1093.3299560546875,1096.56005859375,4499200,-0.00234724968639477,0.02533902414430863
GS,2026-06-22 00:00:00-04:00,1109.699951171875,1115.97998046875,1091.6300048828125,1106.3699951171875,1894400,0.008946100531892487,0.01827637895648398
GS,2026-06-23 00:00:00-04:00,1077.3399658203125,1103.550048828125,1069.0,1094.43994140625,2066900,-0.010783059702982878,0.01907808430341181
GS,2026-06-24 00:00:00-04:00,1090.0,1090.0999755859375,1068.510009765625,1076.9100341796875,1933100,-0.016017240017792367,0.019467676474040317
GS,2026-06-25 00:00:00-04:00,1095.6199951171875,1105.25,1062.0999755859375,1065.0899658203125,1950000,-0.010975910692835766,0.016476216714121108
GS,2026-06-26 00:00:00-04:00,1054.739990234375,1057.0,1013.3800048828125,1019.6099853515625,4008500,-0.042700599881928425,0.01963440105083097
GS,2026-06-29 00:00:00-04:00,1029.18994140625,1035.9300537109375,1016.1699829101562,1020.2100219726562,1887200,0.0005884962188624776,0.017154274588563397
GS,2026-06-30 00:00:00-04:00,1019.2899780273438,1026.3199462890625,1006.1099853515625,1011.3699951171875,3162800,-0.008664908857076159,0.016161777848748244
GS,2026-07-01 00:00:00-04:00,1010.0,1033.530029296875,1003.0,1019.6099853515625,1735000,0.008147354849517896,0.01552113779324754
GS,2026-07-02 00:00:00-04:00,1038.989990234375,1039.280029296875,1009.72998046875,1021.0,1543500,0.0013632807332288888,0.014985310951398646
GS,2026-07-06 00:00:00-04:00,1029.8800048828125,1055.2900390625,1029.0,1055.2900390625,1754400,0.03358475912095993,0.019818513322567687
GS,2026-07-07 00:00:00-04:00,1052.0,1053.8599853515625,1035.1300048828125,1042.97998046875,1353500,-0.011665095033670525,0.01943081959156678
GS,2026-07-08 00:00:00-04:00,1030.0,1040.1800537109375,1011.9199829101562,1029.6400146484375,1699000,-0.0127902414908454,0.019499266523853195
GS,2026-07-09 00:00:00-04:00,1055.0,1064.010009765625,1042.6099853515625,1055.969970703125,1241800,0.02557200155403594,0.021443042341115784
GS,2026-07-10 00:00:00-04:00,1063.2099609375,1067.1700439453125,1048.0,1055.1800537109375,1110600,-0.0007480487268606284,0.021196817724979607
GS,2026-07-13 00:00:00-04:00,1056.3399658203125,1057.8199462890625,1036.8399658203125,1045.9100341796875,1799500,-0.008785249018542829,0.01574859642796261
GS,2026-07-14 00:00:00-04:00,1085.0,1143.8399658203125,1082.0,1140.0,3792600,0.08995990357249783,0.03171116137670798
GS,2026-07-15 00:00:00-04:00,1148.4200439453125,1153.989990234375,1117.4000244140625,1152.0699462890625,2736800,0.010587672183388186,0.030918841687961024
GS,2026-07-16 00:00:00-04:00,1147.6500244140625,1152.449951171875,1089.010009765625,1095.4599609375,2529400,-0.049137628781923515,0.03677715306343979
GS,2026-07-17 00:00:00-04:00,1071.6400146484375,1085.9300537109375,1047.1500244140625,1065.219970703125,2162700,-0.027604833871331502,0.03844309915687627
GS,2026-07-20 00:00:00-04:00,1074.6500244140625,1087.9000244140625,1053.6600341796875,1055.030029296875,1718300,-0.009566044278651598,0.03726909317616297
GS,2026-07-21 00:00:00-04:00,1070.0699462890625,1088.47998046875,1063.0,1085.56005859375,1717000,0.028937592721623107,0.037991283283274044
MS,2025-07-22 00:00:00-04:00,137.4816610188492,137.56953634378274,135.65572261658062,136.73956298828125,5257200,,
MS,2025-07-23 00:00:00-04:00,137.46213827452883,139.2685439927791,136.63216485821394,138.8584442138672,6612900,0.015495743728298539,
MS,2025-07-24 00:00:00-04:00,139.11230978568395,140.3328501502673,138.50692653258642,139.1416015625,3817900,0.002039179901776045,
MS,2025-07-25 00:00:00-04:00,139.5516815667668,140.0008469129368,138.7021903611003,139.63955688476562,3463000,0.0035787666425699527,
MS,2025-07-28 00:00:00-04:00,139.66886336489708,139.7665125501822,138.67291319102324,139.20018005371094,3729300,-0.0031465069129177348,
MS,2025-07-29 00:00:00-04:00,140.11802167606896,140.6550623696446,138.75102254621555,140.17660522460938,5158700,0.007014539568279909,
MS,2025-07-30 00:00:00-04:00,140.44025322734765,142.05136049075458,139.9032125064874,141.5240936279297,5236800,0.009612790958670958,
MS,2025-07-31 00:00:00-04:00,140.79650934985975,142.27133315241278,139.61665330835402,140.06893920898438,5523700,-0.010282026061025018,
MS,2025-08-01 00:00:00-04:00,136.9324798238781,137.22744758844829,133.884504594459,136.7554931640625,6678500,-0.023655823079934746,
MS,2025-08-04 00:00:00-04:00,137.8271937100942,139.40034510607572,137.36509605280887,138.98739624023438,3851500,0.016320390680718777,
MS,2025-08-05 00:00:00-04:00,139.28237998474182,140.31475976915087,137.07014401930192,138.10252380371094,5331100,-0.006366566037354748,0.012335774588346568
MS,2025-08-06 00:00:00-04:00,138.7808991366683,139.46916217385757,138.15164164759275,138.9283905029297,3765800,0.005980098527327282,0.011432526196397662
MS,2025-08-07 00:00:00-04:00,139.84278944621292,140.31474386728695,138.24015777470197,138.55477905273438,3728600,-0.0026892375909834954,0.011441625875695284
MS,2025-08-08 00:00:00-04:00,139.24302586250968,141.51425210798047,138.90873606938484,140.77684020996094,3943500,0.01603741980188822,0.012543792485999425
MS,2025-08-11 00:00:00-04:00,141.1603238582694,141.76991295813684,140.26559372591328,141.46511840820312,4024700,0.004889143677437646,0.012514363169583627
MS,2025-08-12 00:00:00-04:00,142.63514548089825,145.74209648985638,142.38934149268633,144.81787109375,7111600,0.023700207678562624,0.014290136404080106
MS,2025-08-13 00:00:00-04:00,145.66342184223166,146.57782038202907,142.9497515034236,145.27996826171875,5542000,0.0031908849679858076,0.014120946847396914
MS,2025-08-14 00:00:00-04:00,144.53272923554707,146.16487113912305,143.71665828375907,146.0173797607422,4188600,0.005075796118670706,0.01336559849517114
MS,2025-08-15 00:00:00-04:00,146.1353780888739,146.3123497424055,142.03536975254096,142.2025146484375,4986000,-0.026126103060851835,0.013948742347836466
MS,2025-08-18 00:00:00-04:00,141.69123801961612,142.62529008499112,141.40611202172903,142.34999084472656,3548700,0.0010370857129613498,0.013269733303197247
MS,2025-08-19 00:00:00-04:00,142.0648653658116,142.5368047790344,141.01281719170618,141.65191650390625,4257700,-0.004903929650278416,0.013169155890554696
MS,2025-08-20 00:00:00-04:00,141.40612753439882,142.28118914466876,138.66294658575728,141.70108032226562,4619300,0.00034707485484686273,0.013129835007683026
MS,2025-08-21 00:00:00-04:00,141.00299021530395,142.02552810948094,140.50154052451694,141.62240600585938,3269400,-0.0005552132434510915,0.013061306563033231
MS,2025-08-22 00:00:00-04:00,142.38932630078233,146.40083375803948,142.24183492198054,145.53561401367188,6759600,0.027631277551170896,0.014815937586073729
MS,2025-08-25 00:00:00-04:00,145.4962922879181,146.11572313816134,145.09318514988317,145.1718292236328,2596500,-0.0024996272733963654,0.01491889066496588
MS,2025-08-26 00:00:00-04:00,144.84738047508503,146.5286713425077,143.8444960086581,146.4696807861328,4453800,0.008940106144840865,0.01324554898655552
MS,2025-08-27 00:00:00-04:00,145.8797298721183,147.60035759792345,145.5454400860344,146.87278747558594,3329200,0.0027521510751546963,0.013238997381746167
MS,2025-08-28 00:00:00-04:00,147.32507297372993,147.86584474172486,146.67614685213604,147.65936279296875,3898100,0.005355487091259548,0.013248458101165907
MS,2025-08-29 00:00:00-04:00,147.37422144144125,148.21978766270897,146.6269828051026,147.95431518554688,3629400,0.0019975190668517495,0.00915692269570784
MS,2025-09-02 00:00:00-04:00,146.06654357368006,146.56799325648774,143.21522362345473,146.3516845703125,5330200,-0.010831928850635664,0.01028485923779532
MS,2025-09-03 00:00:00-04:00,146.31234757638407,147.0399327030596,144.47373874605768,146.03704833984375,4338900,-0.0021498640852172235,0.010089977463658565
MS,2025-09-04 00:00:00-04:00,146.52867035254874,148.21980296973157,146.18453877244067,148.0034942626953,3955000,0.013465390770398544,0.010535425259856686
MS,2025-09-05 00:00:00-04:00,148.5835739679408,149.31115909554063,143.83463962756255,145.60443115234375,5697300,-0.016209503176279116,0.012360232585310011
MS,2025-09-08 00:00:00-04:00,145.83059639937,146.6958162305427,144.7785481352311,146.29269409179688,3820800,0.004726936769753998,0.008892593756850276
MS,2025-09-09 00:00:00-04:00,145.9288921890865,150.25505085754307,145.86007488214545,149.6651153564453,6673200,0.02305256107001674,0.011270606398413548
MS,2025-09-10 00:00:00-04:00,150.33367873720732,151.936325173928,148.87852366122394,151.533203125,4945600,0.012481784844154298,0.011526904722910722
MS,2025-09-11 00:00:00-04:00,151.79870477137072,155.11213760961974,151.49391023763894,153.85362243652344,7399500,0.015312943062447681,0.012110316184292575
MS,2025-09-12 00:00:00-04:00,153.42098992195437,154.2370608527185,153.00804107795614,153.76512145996094,4341600,-0.0005752284227107385,0.012220463974642727
MS,2025-09-15 00:00:00-04:00,154.70901512566147,155.82003879934263,153.2636866714707,154.01092529296875,4829900,0.0015985668965365907,0.01222883693564038
MS,2025-09-16 00:00:00-04:00,154.44354303029337,154.85649187497137,152.61476100232926,153.19485473632812,7539500,-0.005298783544662511,0.011587134457484638
MS,2025-09-17 00:00:00-04:00,154.01094017531943,155.31861914131645,153.03755101945225,154.7680206298828,4604200,0.010269051765885662,0.011443116583371158
MS,2025-09-18 00:00:00-04:00,155.24978580040343,157.45219483427223,154.84667868034958,156.5673065185547,4323700,0.011625695549694726,0.011321804911823155
MS,2025-09-19 00:00:00-04:00,156.87210063407437,158.38624652650444,155.4660940886112,157.22605895996094,14902000,0.0042074712534456715,0.008394645510901869
MS,2025-09-22 00:00:00-04:00,156.65579153116033,158.32725556471894,155.1809676775467,158.01263427734375,4421200,0.005002830463257446,0.008384089027945792
MS,2025-09-23 00:00:00-04:00,157.88479593432533,161.22772367379042,156.92124864515665,158.061767578125,5335900,0.00031094539373999197,0.006690741160372584
MS,2025-09-24 00:00:00-04:00,158.39607392491135,158.75985897589533,155.1907807637176,155.23011779785156,5195200,-0.017914830535308512,0.00948457362583197
MS,2025-09-25 00:00:00-04:00,154.74833600273803,156.57711801260004,154.0010973868148,156.2821502685547,5351100,0.00677724455555162,0.008535313307563354
MS,2025-09-26 00:00:00-04:00,156.8819272269239,159.09416301071397,156.64596501170408,157.42269897460938,5326800,0.007298010067654959,0.00867433253698407
MS,2025-09-29 00:00:00-04:00,157.99296545155093,158.61239626972394,157.03924482785257,158.455078125,4186000,0.00655800692730546,0.00876550258805278
MS,2025-09-30 00:00:00-04:00,158.68119941106607,159.50709709308774,154.20756446275809,156.2919921875,5547100,-0.013651098867236144,0.009949731830140082
MS,2025-10-01 00:00:00-04:00,155.23013354209007,155.78073205434802,152.93923865862212,154.25674438476562,5467400,-0.013022086251819776,0.010521216996822548
MS,2025-10-02 00:00:00-04:00,154.06008980489358,154.37471106705982,151.13011085122966,152.69342041015625,5087400,-0.010134558335484822,0.010023560781141083
MS,2025-10-03 00:00:00-04:00,154.29606596247183,155.151474008256,153.53900051170518,154.9449920654297,5182100,0.014745701872584949,0.011277579543145805
MS,2025-10-06 00:00:00-04:00,155.3481139001211,156.0658573142245,152.4082929259816,155.4365997314453,4696300,0.0031727883519334643,0.011176475957067741
MS,2025-10-07 00:00:00-04:00,156.11500690904367,156.61644157695127,152.7917326321221,153.3521728515625,4589700,-0.013410142035300332,0.011745486038004165
MS,2025-10-08 00:00:00-04:00,153.85360755329106,153.92243986208635,151.43490503381346,153.03753662109375,4038600,-0.0020517233281936997,0.010506938344301832
MS,2025-10-09 00:00:00-04:00,152.9687191862113,153.80444363220417,151.24809149997074,153.6471405029297,6092600,0.003983361829361209,0.010301305813672192
MS,2025-10-10 00:00:00-04:00,154.2174096416599,155.29893805799492,149.29148870912135,149.3111572265625,5531700,-0.02822039682726485,0.012713650136646697
MS,2025-10-13 00:00:00-04:00,151.69055135816268,153.0080570939731,150.77616775131474,152.5262908935547,4735800,0.021533110630932883,0.014939899940418647
MS,2025-10-14 00:00:00-04:00,151.9068446190813,154.48286527389914,149.33082396426352,152.7327423095703,8023800,0.001353546426692498,0.014579173490019033
MS,2025-10-15 00:00:00-04:00,160.1953431692294,163.97090324507147,158.92700138780387,159.9200439453125,13673700,0.04705802781419588,0.020714595013241497
MS,2025-10-16 00:00:00-04:00,160.35267828260044,161.98482028490128,156.30183355645605,157.33421325683594,10477500,-0.016169522122948088,0.021246839518083347
MS,2025-10-17 00:00:00-04:00,158.0027935498055,158.27809280406552,155.20063721122634,156.00686645507812,7965000,-0.008436479099374394,0.021111325130846802
MS,2025-10-20 00:00:00-04:00,157.51118376338468,160.4018409021782,156.82293563573953,159.25148010253906,5741000,0.020797889997971497,0.02203923059374259
MS,2025-10-21 00:00:00-04:00,158.74018964084203,159.33995188549096,156.51812730957172,156.5574493408203,4220600,-0.016916833425875355,0.022348772210964638
MS,2025-10-22 00:00:00-04:00,156.89177004310577,157.0589149475722,154.581206652308,155.46609497070312,4360200,-0.006970951396514824,0.022508600416214903
MS,2025-10-23 00:00:00-04:00,156.2329863154163,157.40301553055053,155.24977050473984,156.6361083984375,3735600,0.007525843033201918,0.022574540229067536
MS,2025-10-24 00:00:00-04:00,157.82581899503487,162.13229439499753,157.82581899503487,161.10975646972656,5547500,0.0285607713127638,0.02118340709574357
MS,2025-10-27 00:00:00-04:00,162.19129881249845,163.89225809092727,162.13229325720891,163.23350524902344,5056000,0.013181999810768286,0.02074336389904749
MS,2025-10-28 00:00:00-04:00,163.3318183264992,164.32487597395865,161.62103228505765,162.43710327148438,3601000,-0.004878912428695981,0.02102354896928175
MS,2025-10-29 00:00:00-04:00,161.55220049411722,163.2335062672881,160.38217118452516,161.2769012451172,4963500,-0.007142469318897615,0.01567648703687853
MS,2025-10-30 00:00:00-04:00,161.07041843240668,164.19703745328346,160.65745459693014,162.48623657226562,4960500,0.007498502995853196,0.014549969525588548
MS,2025-10-31 00:00:00-04:00,161.58607473062838,163.11932501521972,161.15082364570543,162.2290496826172,5323500,-0.0015828226136190837,0.014088662058611656
MS,2025-11-03 00:00:00-05:00,162.52581782325143,162.8819309853177,159.82530181575936,161.88282775878906,4719200,-0.0021341549155682316,0.012865195759740466
MS,2025-11-04 00:00:00-05:00,160.57710115641308,165.12741956250161,159.12297356413617,162.23895263671875,5739200,0.002199892866094011,0.01108652261096644
MS,2025-11-05 00:00:00-05:00,162.1004648197211,164.1679076792764,159.88466284862716,163.3963165283203,4133000,0.00713369923062257,0.010468576261460843
MS,2025-11-06 00:00:00-05:00,162.7929254451525,163.88103822151723,160.89364496338723,161.65533447265625,4292900,-0.010654965134188399,0.0115146343373625
MS,2025-11-07 00:00:00-05:00,160.45839155080523,160.84417955511233,156.35319602392926,160.6067657470703,6323300,-0.006486446791295397,0.007618555728799031
MS,2025-11-10 00:00:00-05:00,162.04111526789163,164.2668189171597,162.04111526789163,163.26773071289062,5015400,0.016568199686001428,0.008326101928708198
MS,2025-11-11 00:00:00-05:00,163.51503320096353,164.9196977106653,163.00064412470036,164.7020721435547,3237600,0.008785210797021437,0.008545294846976678
MS,2025-11-12 00:00:00-05:00,165.7110660995843,169.91517314925807,165.7110660995843,168.08514404296875,6892900,0.02054055456245485,0.009848453491692872
MS,2025-11-13 00:00:00-05:00,167.48171327596947,168.5104913483623,163.3864194319079,163.82167053222656,6090900,-0.025364963304861043,0.013446456604991004
MS,2025-11-14 00:00:00-05:00,162.42688580574927,163.02041275258108,158.21289278409856,162.09056091308594,6691200,-0.010567036787725081,0.013922520628311123
MS,2025-11-17 00:00:00-05:00,161.4871487404202,162.31807439774548,157.04562846526008,157.72817993164062,5727200,-0.026913232682219235,0.0163401193396474
MS,2025-11-18 00:00:00-05:00,156.9269431256484,159.92422280251992,156.08611571783163,158.10409545898438,4864900,0.0023833124017957896,0.016346053025063836
MS,2025-11-19 00:00:00-05:00,158.6184678568318,161.15082130245148,158.321704385607,160.53750610351562,6413600,0.01539119298248992,0.017076651593842692
MS,2025-11-20 00:00:00-05:00,162.42689085223017,165.13730852241414,156.79833163982934,156.9862823486328,5258600,-0.022120835442609676,0.018103849539751027
MS,2025-11-21 00:00:00-05:00,158.0546361109216,158.3810744619153,153.55376565064253,156.46202087402344,9021300,-0.003339536848481428,0.01805952903537553
MS,2025-11-24 00:00:00-05:00,159.58788350661104,162.6840891034875,157.28304214688714,161.07168579101562,10125700,0.02946187765722197,0.019932453319297796
MS,2025-11-25 00:00:00-05:00,161.74433535378512,164.07885154838925,158.88554356028416,163.6436004638672,5561000,0.015967515707189683,0.020453786267138917
MS,2025-11-26 00:00:00-05:00,165.176870491332,167.1355004268231,164.07885616774496,166.1265106201172,4844200,0.015172668831606506,0.019904588202753027
MS,2025-11-28 00:00:00-05:00,166.18587877618145,168.43137076930412,165.94846494408276,167.8279571533203,2133700,0.010241872455226897,0.018169485768236154
MS,2025-12-01 00:00:00-05:00,167.18496486010687,167.9367677717046,165.91878795996462,166.6508026123047,4393500,-0.007014055113238493,0.017917085896421214
MS,2025-12-02 00:00:00-05:00,167.06624657418897,168.28296023541736,166.86840928607324,167.2640838623047,4338700,0.003680037781916612,0.014552473774838036
MS,2025-12-03 00:00:00-05:00,166.72993055712323,172.12107618906916,166.28479286164483,171.84410095214844,6223300,0.02738195184576564,0.01594596561624208
MS,2025-12-04 00:00:00-05:00,172.437627788385,174.0994792084275,171.84410079893073,173.00146484375,4813200,0.00673496433796017,0.01576314685240186
MS,2025-12-05 00:00:00-05:00,172.58600871511223,175.40523938386917,172.4178462501505,174.60397338867188,4641600,0.009262976740510354,0.011814254178959703
MS,2025-12-08 00:00:00-05:00,175.07879284292525,177.02752116042967,174.15882752587123,174.92051696777344,7271700,0.0018129231137078428,0.011229124435119139
MS,2025-12-09 00:00:00-05:00,174.87104437745987,178.69924944902536,174.87104437745987,176.89891052246094,4191200,0.011310243011984689,0.009255377211668438
MS,2025-12-10 00:00:00-05:00,176.57248387281655,179.35213792658377,175.8305826800736,177.76942443847656,6591200,0.004920968215375687,0.009048649104868842
MS,2025-12-11 00:00:00-05:00,178.18489411816861,180.0149080739315,177.5616922623151,178.34315490722656,7598700,0.0032273855336049095,0.008833878715304486
MS,2025-12-12 00:00:00-05:00,179.1938466786902,179.1938466786902,175.8305675976914,176.4834442138672,4961500,-0.010427709963563125,0.010324053766705891
MS,2025-12-15 00:00:00-05:00,177.96726538345746,178.94656531776764,175.81079802348583,175.87014770507812,5219000,-0.0034750937206656785,0.00991565726855358
MS,2025-12-16 00:00:00-05:00,176.20649028504755,176.72086426233557,173.7829342286689,174.60397338867188,6840500,-0.0071994840109507185,0.01069666279278932
MS,2025-12-17 00:00:00-05:00,176.12735031241576,177.5122265337864,172.5761201423149,172.91244506835938,5796100,-0.009687799695984767,0.007883202477729662
MS,2025-12-18 00:00:00-05:00,174.64354580141705,175.15793486063356,170.71641423509084,171.09231567382812,7993400,-0.010526306500446947,0.008281979184680488
MS,2025-12-19 00:00:00-05:00,171.58691469832448,175.78111978599944,171.58691469832448,175.0688934326172,10639400,0.023242293162774486,0.010966234278593407
MS,2025-12-22 00:00:00-05:00,175.6723124649243,178.31347898493092,175.49426341805636,177.81887817382812,4574600,0.015708014640929857,0.012007343303296523
MS,2025-12-23 00:00:00-05:00,177.88812963097047,178.6300308480353,177.1956915138471,177.5616912841797,3514800,-0.001446341874888124,0.011542637449071719
MS,2025-12-24 00:00:00-05:00,178.21456060694035,180.03468789496242,177.59135878029502,179.68846130371094,2648000,0.011977640019926739,0.012051929965558369
MS,2025-12-26 00:00:00-05:00,179.8863089898939,180.37100809214544,179.14440782291993,179.9060821533203,2564700,0.001211100857731573,0.012029960259268856
MS,2025-12-29 00:00:00-05:00,179.233434946333,179.73792231336378,177.80898226998949,177.99693298339844,2464300,-0.010611921215064046,0.01204942268066358
MS,2025-12-30 00:00:00-05:00,178.33326388104604,178.4321900790088,176.3350724155434,177.14622497558594,2365500,-0.00477934082095588,0.01210918270977854
MS,2025-12-31 00:00:00-05:00,177.57157577913117,177.76942817657107,175.4843597758975,175.6129608154297,3098100,-0.008655358929424373,0.012224102830103011
MS,2026-01-02 00:00:00-05:00,176.59226943767737,179.99512527153638,175.22716643376415,179.93576049804688,4509900,0.02461549342682323,0.013723977618979285
MS,2026-01-05 00:00:00-05:00,180.23251893094158,186.4743782804591,180.09403131805595,184.52565002441406,6787400,0.025508489883627083,0.014187552743980834
MS,2026-01-06 00:00:00-05:00,184.6839457184917,186.78106348817244,183.7442071663238,185.7226104736328,3795600,0.0064866887018708574,0.013092167162775139
MS,2026-01-07 00:00:00-05:00,185.2774458557311,185.7225835164611,182.34940274454343,182.79454040527344,3532400,-0.015765824424350705,0.014232903705785772
MS,2026-01-08 00:00:00-05:00,181.92407087079692,184.12998622450303,181.67677046944812,182.6857452392578,3745900,-0.0005951773273666916,0.014206849914614846
MS,2026-01-09 00:00:00-05:00,183.69474440205795,184.90157162925345,183.0418676868828,184.3080596923828,4630900,0.008880355996031986,0.01402044439869292
MS,2026-01-12 00:00:00-05:00,182.63629017261968,185.24778170612967,181.93395041857667,184.5553436279297,5635400,0.001341688127798557,0.014019037299003155
MS,2026-01-13 00:00:00-05:00,184.94114266976993,185.000492352297,180.1830701689251,180.78648376464844,6594800,-0.02042129904880674,0.015331295516263081
MS,2026-01-14 00:00:00-05:00,180.22264349131854,180.3809193712638,176.9978365870132,178.82786560058594,8434000,-0.01083387498488142,0.015728327923801324
MS,2026-01-15 00:00:00-05:00,179.04548089523445,190.084973837085,179.04548089523445,189.16500854492188,12957100,0.057804989785115835,0.023359144162933262
MS,2026-01-16 00:00:00-05:00,188.50225377477707,190.59935632883483,186.9591016996011,187.04812622070312,8398100,-0.01119066544337155,0.023222393283285032
MS,2026-01-20 00:00:00-05:00,183.2496002842609,184.68393961586025,179.32246864149775,180.1336212158203,11302600,-0.0369664489272894,0.025152921191115982
MS,2026-01-21 00:00:00-05:00,180.49961147166198,184.406954649731,180.05447378449276,181.34043884277344,11715800,0.00669956901331159,0.025161109124857518
MS,2026-01-22 00:00:00-05:00,182.53736308491216,184.0310520101486,180.2918713121512,181.07334899902344,8966900,-0.0014728642185628527,0.024700597928522205
MS,2026-01-23 00:00:00-05:00,179.90609676156754,179.90609676156754,176.02842815860186,177.0670928955078,8532800,-0.022125045599820647,0.025614241601861015
MS,2026-01-26 00:00:00-05:00,177.42319294235213,180.4699355676556,176.92859216085517,179.91598510742188,6389800,0.016089337467099396,0.026077646141574876
MS,2026-01-27 00:00:00-05:00,180.2721134138777,181.98342803525563,179.19387214820534,180.6875762939453,5138100,0.0042886194134599265,0.026137536718446316
MS,2026-01-28 00:00:00-05:00,180.4699436543941,181.03378072167644,178.43219075835913,180.3710174560547,5538800,-0.0017519679237694152,0.025314487106662436
MS,2026-01-29 00:00:00-05:00,181.20195022166408,183.03197930389217,177.52213398600614,180.4303741455078,7473400,0.00032908108126394886,0.025025485511449005
MS,2026-01-30 00:00:00-05:00,179.24673907680423,182.1710112913237,179.00801647313392,181.82289123535156,7434900,0.0077177531579064595,0.015709156313467282
MS,2026-02-02 00:00:00-05:00,181.63389997360616,184.4487746671544,179.58491366807584,184.110595703125,6827200,0.012582048675115587,0.016261928812427592
MS,2026-02-03 00:00:00-05:00,184.2896235602686,187.67144350531672,177.49613006580697,181.9322967529297,7751300,-0.01183146978519245,0.011371433837975349
MS,2026-02-04 00:00:00-05:00,181.75324520979888,182.66832569303935,177.54586016804495,179.11741638183594,7571900,-0.015472131234161579,0.012273736455993061
MS,2026-02-05 00:00:00-05:00,177.04854332536434,178.49078965970426,172.32393332089535,174.90008544921875,9571800,-0.02354506344389673,0.014173020370923592
MS,2026-02-06 00:00:00-05:00,177.93377434562152,180.22148313539188,176.5512049533575,178.99806213378906,9139700,0.023430386978056328,0.014783705208757806
MS,2026-02-09 00:00:00-05:00,179.02790422694838,182.83743353453616,178.5007384521578,181.3752899169922,6625900,0.013280745919060921,0.014492882937164163
MS,2026-02-10 00:00:00-05:00,180.94759011467414,183.59337538951738,172.6223347223552,176.9391326904297,12854500,-0.02445844320134649,0.01646370567679217
MS,2026-02-11 00:00:00-05:00,178.80907492041234,180.0722754282656,173.36831264171175,175.73558044433594,7777800,-0.006802069320637316,0.016533515436726997
MS,2026-02-12 00:00:00-05:00,176.48157657562479,177.8343075780841,164.52583797944067,167.1616668701172,14436700,-0.04878871741590507,0.021999665908025164
MS,2026-02-13 00:00:00-05:00,166.22669579802007,170.57334734556395,162.71556576931164,170.2351531982422,9162400,0.01838631060381246,0.02304737162008582
MS,2026-02-17 00:00:00-05:00,171.62767310348005,173.26884730272718,169.94670421661917,170.62306213378906,6376900,0.0022786652947945907,0.022327431449378522
MS,2026-02-18 00:00:00-05:00,172.56265187913957,176.36222499629986,172.5228571913135,175.6460723876953,6343300,0.029439222289701972,0.025055147797418274
MS,2026-02-19 00:00:00-05:00,174.2237282503056,175.33773670462693,171.60778142214724,173.4379425048828,7259500,-0.012571473149360246,0.02491400202001173
MS,2026-02-20 00:00:00-05:00,172.52285173509014,174.49226375785463,170.64295499126357,174.47238159179688,4272600,0.005964318256859835,0.02392978810619021
MS,2026-02-23 00:00:00-05:00,173.03014846121823,174.68126382558387,165.71942991558146,165.90841674804688,7795500,-0.049084931182899916,0.026854584411864165
MS,2026-02-24 00:00:00-05:00,164.58551071030897,169.40959196737347,163.23277974173604,167.88775634765625,7413800,0.011930314557912158,0.026743114792914996
MS,2026-02-25 00:00:00-05:00,169.78755848212134,173.1097016203056,168.74316798567165,172.80136108398438,7098500,0.02926720115404491,0.02828121860615226
MS,2026-02-26 00:00:00-05:00,173.94522554948344,176.87945399301609,173.51751611971173,176.54127502441406,6901600,0.021642850015585413,0.029161145933679328
MS,2026-02-27 00:00:00-05:00,173.06991853945223,173.19922850771712,163.52122730776435,165.6199493408203,12400400,-0.061862732565420964,0.03180679295379341
MS,2026-03-02 00:00:00-05:00,161.7706353426911,168.69343854188585,161.28324908932146,166.10733032226562,9212600,0.002942767362175358,0.031158309267623262
MS,2026-03-03 00:00:00-05:00,161.5916073557842,166.42562974850742,159.09501437447022,165.0629425048828,7495500,-0.006287427624997566,0.031145192645306363
MS,2026-03-04 00:00:00-05:00,166.68423461914062,168.29557035875573,165.6299030770603,166.68423461914062,5307800,0.0098222659165903,0.02945664760856035
MS,2026-03-05 00:00:00-05:00,164.4959964015316,167.07214838906802,159.6520177727384,161.68112182617188,7274900,-0.030015512891188756,0.03046567708753143
MS,2026-03-06 00:00:00-05:00,158.65736752537205,159.49288901750194,154.51961546132446,159.41331481933594,8046000,-0.014026418058096679,0.030206731814927112
MS,2026-03-09 00:00:00-04:00,157.0758709734003,160.98487190053174,153.2464594220648,159.59234619140625,7480800,0.0011230641071180436,0.026691959752986275
MS,2026-03-10 00:00:00-04:00,160.97491707820822,162.60615022039013,159.0055049720045,159.8907470703125,4314600,0.001869769359417628,0.026229398111450676
MS,2026-03-11 00:00:00-04:00,159.14475667736806,160.8953435370175,157.00625508040662,160.02999877929688,5463200,0.0008709178707078102,0.02356278376284215
MS,2026-03-12 00:00:00-04:00,153.5448455810547,155.41480132733776,151.98324554947547,153.5448455810547,11195700,-0.040524609433923,0.02325010232458477
MS,2026-03-13 00:00:00-04:00,154.06207263746535,156.39951735594283,153.03757946567998,154.04217529296875,6001900,0.0032389866949427137,0.016318655827327132
MS,2026-03-16 00:00:00-04:00,155.6236841167767,158.23961570898177,153.96259737897665,154.86773681640625,5498100,0.005359321379793558,0.016500752913574977
MS,2026-03-17 00:00:00-04:00,156.45919284721882,159.78133601950526,156.45919284721882,156.98635864257812,6528600,0.013680201375212642,0.01773901475502907
MS,2026-03-18 00:00:00-04:00,156.1806807075947,159.78132576030706,155.6833533720388,158.08045959472656,9140900,0.006969401428307931,0.017497950906984257
MS,2026-03-19 00:00:00-04:00,156.15085565694983,158.76678734553138,155.69330779106718,157.7025146484375,6418300,-0.0023908391160931686,0.015159750275108987
MS,2026-03-20 00:00:00-04:00,157.51352620853407,162.26797468098707,156.40945883321058,160.60690307617188,14621300,0.018416880886199305,0.01584709113872918
MS,2026-03-23 00:00:00-04:00,165.37128299564415,167.24123866616472,163.28251725676847,163.44166564941406,10128400,0.017650315888961154,0.016715461553180756
MS,2026-03-24 00:00:00-04:00,161.57170963180744,166.22668627749584,161.36282546975553,164.98336791992188,6016200,0.009432737144363212,0.016853596427745456
MS,2026-03-25 00:00:00-04:00,165.9084036139988,167.90765405644981,163.12336747531648,164.76454162597656,6444600,-0.0013263536603975723,0.01690260644278694
MS,2026-03-26 00:00:00-04:00,163.76989076705416,165.44091856013955,161.6114918829564,162.35748291015625,6175700,-0.014609082100227933,0.010095030456590338
MS,2026-03-27 00:00:00-04:00,160.1394149869459,160.3681813301608,156.48903387031194,157.54336547851562,6368400,-0.029651343106277483,0.015088131102696857
MS,2026-03-30 00:00:00-04:00,159.29395225971263,160.378137472709,156.37962112512085,157.52346801757812,6261600,-0.00012629831079880027,0.015066395320753562
MS,2026-03-31 00:00:00-04:00,160.6367407925261,164.40647558577643,158.79662344939896,163.69033813476562,8081700,0.03914889758838558,0.01894925841630898
MS,2026-04-01 00:00:00-04:00,168.00712812613716,168.38508658961348,162.32764314135892,165.28176879882812,7117000,0.009722202801928814,0.0190114093701069
MS,2026-04-02 00:00:00-04:00,161.12411779355833,166.10733229871852,159.71170996294413,164.92369079589844,5107500,-0.0021664700561471184,0.019002337402606834
MS,2026-04-06 00:00:00-04:00,164.993327431172,166.73397316607253,164.5556769323265,165.6597442626953,3674800,0.004462994147443444,0.018381187694456017
MS,2026-04-07 00:00:00-04:00,164.80434928004303,167.99718255395,164.40647827050998,167.52969360351562,6036400,0.01128789223442861,0.01793212810627538
MS,2026-04-08 00:00:00-04:00,175.9544179332418,180.29111321900822,173.55731153774795,175.07913208007812,7662600,0.045063285881900894,0.02241599971296046
MS,2026-04-09 00:00:00-04:00,174.23366432112843,178.04319369463272,173.8656469338911,177.2076873779297,5298900,0.012157675632513465,0.022319605989979906
MS,2026-04-10 00:00:00-04:00,177.7050122481512,177.7050122481512,173.766172960308,176.69046020507812,4240100,-0.0029187626141098377,0.021314779913956052
MS,2026-04-13 00:00:00-04:00,174.82050575196448,180.2115324399682,174.07451472208382,180.1717529296875,6282900,0.019702776938657296,0.016652420360820343
MS,2026-04-14 00:00:00-04:00,181.89249643787954,183.60330370130953,180.7784880532185,182.3599853515625,8803600,0.01214525799018551,0.01596368663128844
MS,2026-04-15 00:00:00-04:00,187.4824746722939,193.54985939147545,186.91551419369313,190.59573364257812,9853800,0.04516203637074412,0.01705609627196148
MS,2026-04-16 00:00:00-04:00,189.90941448081279,191.48097072721004,185.6721909249596,186.3187255859375,9138100,-0.02244020878589681,0.020865646202483948
MS,2026-04-17 00:00:00-04:00,188.48707265775738,190.19788001954157,187.22385689216895,187.8107147216797,6846100,0.008007725101436547,0.0203258897483092
MS,2026-04-20 00:00:00-04:00,187.9101646467632,191.17263085803046,187.014981485062,189.68064880371094,4905200,0.00995648243393532,0.020134962741149703
MS,2026-04-21 00:00:00-04:00,189.7701651633438,192.10760979929074,187.70129672555097,188.29808044433594,5154900,-0.007288926772945237,0.021221409922321192
MS,2026-04-22 00:00:00-04:00,190.65541550797545,191.2024786568191,188.8053722400757,190.02879333496094,4492100,0.009191346436145054,0.01775110220861657
MS,2026-04-23 00:00:00-04:00,189.6408672067125,190.73497826150447,185.90095585161512,187.6416015625,3814400,-0.012562263489475867,0.018851757027051552
MS,2026-04-24 00:00:00-04:00,187.7808499293267,188.03946985895925,186.11977843879657,187.06471252441406,4530600,-0.00307441970907385,0.018859906070047998
MS,2026-04-27 00:00:00-04:00,186.86577172565896,189.5712336962327,186.74641801958916,189.16342163085938,4163600,0.011219160888889856,0.018353033315807354
MS,2026-04-28 00:00:00-04:00,190.28738718609648,191.62022083425984,187.65155831642815,189.34246826171875,4107100,0.0009465182502819136,0.018211862737530237
MS,2026-04-29 00:00:00-04:00,188.99433279715504,189.4916601437709,184.25978192117353,186.0800018310547,5107600,-0.017230505446641398,0.012207342038045677
MS,2026-04-30 00:00:00-04:00,185.60000610351562,190.72999572753906,184.89999389648438,190.58999633789062,5664900,0.024236857601337647,0.012580597205892437
MS,2026-05-01 00:00:00-04:00,190.49000549316406,193.5,188.77000427246094,190.1699981689453,4742700,-0.002203673734274658,0.012483506741896641
MS,2026-05-04 00:00:00-04:00,189.92999267578125,190.35000610351562,187.1199951171875,188.00999450683594,3833000,-0.011358277766771896,0.012663242041990678
MS,2026-05-05 00:00:00-04:00,189.33999633789062,190.4499969482422,187.9499969482422,189.25,4807900,0.006595423272133472,0.012635368043395476
MS,2026-05-06 00:00:00-04:00,192.1699981689453,194.8300018310547,192.1699981689453,193.35000610351562,6319500,0.021664497244468395,0.014109944830869447
MS,2026-05-07 00:00:00-04:00,193.16000366210938,194.25,189.6699981689453,190.1699981689453,5761900,-0.016446898547641142,0.014595135466809149
MS,2026-05-08 00:00:00-04:00,190.8800048828125,193.5,190.47000122070312,193.08999633789062,5873400,0.015354673171691369,0.015116679382642708
MS,2026-05-11 00:00:00-04:00,192.36000061035156,193.6699981689453,190.0399932861328,191.10000610351562,5272500,-0.01030602450731155,0.015390280865037154
MS,2026-05-12 00:00:00-04:00,190.1999969482422,192.3800048828125,186.4499969482422,191.8800048828125,5333300,0.004081626134927241,0.015418142179727864
MS,2026-05-13 00:00:00-04:00,190.7100067138672,194.9499969482422,189.60000610351562,193.8300018310547,4463700,0.010162585462894391,0.014110661675025574
MS,2026-05-14 00:00:00-04:00,195.6199951171875,197.5,193.41000366210938,194.52999877929688,4785000,0.0036113962834933844,0.012235751414726019
MS,2026-05-15 00:00:00-04:00,193.8800048828125,194.42999267578125,191.11000061035156,192.50999450683594,5937700,-0.010384024495639466,0.01281628341939477
MS,2026-05-18 00:00:00-04:00,192.6199951171875,194.80999755859375,191.13999938964844,192.69000244140625,3770200,0.000935057605873757,0.012033121829687021
MS,2026-05-19 00:00:00-04:00,191.5500030517578,192.83999633789062,188.94000244140625,189.5800018310547,6357900,-0.016139916814300048,0.013263855054254819
MS,2026-05-20 00:00:00-04:00,191.9600067138672,198.07000732421875,190.08999633789062,197.77000427246094,7201100,0.04320077203451467,0.018021695734198654
MS,2026-05-21 00:00:00-04:00,197.80999755859375,200.75,196.89999389648438,200.50999450683594,5817400,0.013854427745272346,0.017018928337135628
MS,2026-05-22 00:00:00-04:00,201.1300048828125,203.08999633789062,200.6300048828125,201.02999877929688,3734200,0.002593408242516304,0.016667458454056264
MS,2026-05-26 00:00:00-04:00,202.85000610351562,203.9199981689453,199.8699951171875,201.75999450683594,5567400,0.0036312775803202246,0.015887802590660784
MS,2026-05-27 00:00:00-04:00,202.0500030517578,202.52999877929688,197.00999450683594,201.61000061035156,6731500,-0.0007434273422290971,0.016010303665566616
MS,2026-05-28 00:00:00-04:00,199.9199981689453,204.3800048828125,199.67999267578125,203.7899932861328,6174800,0.01081291934517914,0.01603458072038403
MS,2026-05-29 00:00:00-04:00,204.0,208.0800018310547,203.72000122070312,208.0,8255500,0.020658554652171146,0.016744797522832203
MS,2026-06-01 00:00:00-04:00,207.61000061035156,212.11000061035156,206.60000610351562,211.00999450683594,6431200,0.014471127436711306,0.015716900790612442
MS,2026-06-02 00:00:00-04:00,210.25999450683594,217.02999877929688,210.25999450683594,214.97999572753906,7664400,0.018814280479849455,0.01567301589984687
MS,2026-06-03 00:00:00-04:00,212.85000610351562,213.49000549316406,208.7899932861328,210.13999938964844,5957300,-0.022513705619497393,0.016979700439843797
MS,2026-06-04 00:00:00-04:00,212.00999450683594,219.16000366210938,211.14999389648438,218.27000427246094,5565300,0.038688516733730305,0.01604787667995849
MS,2026-06-05 00:00:00-04:00,218.32000732421875,218.32000732421875,211.16000366210938,211.92999267578125,6171000,-0.029046646229802686,0.02012692237492969
MS,2026-06-08 00:00:00-04:00,213.27000427246094,215.89999389648438,211.74000549316406,212.24000549316406,4732000,0.0014628076633640408,0.02014970341208011
MS,2026-06-09 00:00:00-04:00,214.4199981689453,215.24000549316406,206.05999755859375,210.25,7841100,-0.00937620355097546,0.02070480207728677
MS,2026-06-10 00:00:00-04:00,208.94000244140625,210.24000549316406,205.8300018310547,206.66000366210938,5362800,-0.01707489340257129,0.021765730293478745
MS,2026-06-11 00:00:00-04:00,208.7899932861328,212.8300018310547,207.0,212.66000366210938,4631500,0.029033194104699733,0.023234359538343054
MS,2026-06-12 00:00:00-04:00,215.0500030517578,217.6199951171875,212.66000366210938,214.0399932861328,4694300,0.006489182734220611,0.02256258375818584
MS,2026-06-15 00:00:00-04:00,218.75999450683594,220.60000610351562,216.85000610351562,217.97999572753906,5862500,0.018407786231515955,0.022816049256697616
MS,2026-06-16 00:00:00-04:00,220.50999450683594,222.3000030517578,218.58999633789062,220.8300018310547,5091700,0.013074622256062263,0.0224570404118124
MS,2026-06-17 00:00:00-04:00,222.11000061035156,228.07000732421875,221.36000061035156,224.9600067138672,8689700,0.018702191045454786,0.021007018153572626
MS,2026-06-18 00:00:00-04:00,229.08999633789062,230.47000122070312,222.88999938964844,223.1699981689453,11933200,-0.007957007874731414,0.018187255855769725
MS,2026-06-22 00:00:00-04:00,226.7100067138672,228.22999572753906,224.99000549316406,227.08999633789062,6870800,0.017565076852211092,0.014920030402200385
MS,2026-06-23 00:00:00-04:00,222.50999450683594,227.9499969482422,222.1199951171875,226.02999877929688,6052800,-0.004667742197752123,0.015295546732251216
MS,2026-06-24 00:00:00-04:00,224.60000610351562,226.5,219.80999755859375,219.86000061035156,6971000,-0.027297253471960214,0.01813770438373342
MS,2026-06-25 00:00:00-04:00,222.99000549316406,227.47999572753906,220.85000610351562,221.0399932861328,5257200,0.005367018432208992,0.016465368534544535
MS,2026-06-26 00:00:00-04:00,219.6999969482422,219.75,211.36000061035156,212.02999877929688,9919100,-0.04076182944492146,0.020359717785586137
MS,2026-06-29 00:00:00-04:00,214.3300018310547,217.0,211.69000244140625,211.72000122070312,5426400,-0.0014620457500281736,0.020228293283743887
MS,2026-06-30 00:00:00-04:00,210.1699981689453,211.7100067138672,208.17999267578125,209.0399932861328,5599400,-0.012658265251834111,0.019297177553575847
MS,2026-07-01 00:00:00-04:00,208.9600067138672,213.19000244140625,206.72000122070312,211.86000061035156,4690000,0.013490276572860171,0.0193384684081765
MS,2026-07-02 00:00:00-04:00,214.7100067138672,215.86000061035156,211.5500030517578,213.92999267578125,3745300,0.009770565748448146,0.01835641342789093
MS,2026-07-06 00:00:00-04:00,217.0,222.13999938964844,216.3699951171875,222.10000610351562,4567700,0.03819012624431917,0.02276325198177321
MS,2026-07-07 00:00:00-04:00,221.5399932861328,223.25999450683594,219.82000732421875,222.0399932861328,5413300,-0.000270206284257557,0.021894780290997114
MS,2026-07-08 00:00:00-04:00,220.0,220.91000366210938,216.10000610351562,218.07000732421875,4108300,-0.01787959863968347,0.02246288572848105
MS,2026-07-09 00:00:00-04:00,221.0,224.44000244140625,220.00999450683594,222.1300048828125,4073100,0.018617863173441718,0.021704147954277837
MS,2026-07-10 00:00:00-04:00,223.91000366210938,224.75,220.85000610351562,222.27999877929688,3617600,0.0006752527492335236,0.02165568799201507
MS,2026-07-13 00:00:00-04:00,222.4600067138672,223.4499969482422,218.75,221.08999633789062,4550300,-0.0053536190747769385,0.016356667529892836
MS,2026-07-14 00:00:00-04:00,224.32000732421875,232.11000061035156,224.10000610351562,227.6699981689453,9306200,0.029761644307951807,0.01802688079472787
MS,2026-07-15 00:00:00-04:00,222.6999969482422,232.25,221.22000122070312,228.5500030517578,10865600,0.0038652650322397175,0.016688108115228476
MS,2026-07-16 00:00:00-04:00,228.22999572753906,228.22999572753906,215.7899932861328,218.3699951171875,8313700,-0.04454170990435269,0.02363210364136947
MS,2026-07-17 00:00:00-04:00,214.39999389648438,218.3800048828125,207.39999389648438,215.5,7852200,-0.013142808908556014,0.024040541925118484
MS,2026-07-20 00:00:00-04:00,215.52000427246094,219.74000549316406,210.35000610351562,210.94000244140625,6816500,-0.021160081478393322,0.020966440178566376
MS,2026-07-21 00:00:00-04:00,213.66000366210938,217.39999389648438,212.25,216.39999389648438,6999500,0.025884096861119366,0.023133391449291708
HSBC,2025-07-22 00:00:00-04:00,60.873618203590866,61.27397535890289,60.63530933410378,61.06426239013672,1472500,,
HSBC,2025-07-23 00:00:00-04:00,61.42649338545063,62.17001585661603,61.39789748619183,62.08422088623047,1956900,0.01670303474030832,
HSBC,2025-07-24 00:00:00-04:00,62.49412094465942,62.67523802817381,61.94124984741211,61.94124984741211,1741200,-0.0023028562938778308,
HSBC,2025-07-25 00:00:00-04:00,61.645735780948144,61.90311342917958,61.42649569664228,61.8840446472168,1305200,-0.0009235396498493698,
HSBC,2025-07-28 00:00:00-04:00,61.80778822668737,61.83639140155766,61.321643343041394,61.464630126953125,1363400,-0.0067774257913268965,
HSBC,2025-07-29 00:00:00-04:00,62.17002683220408,62.31301362635033,61.86499173191028,62.01750564575195,1690200,0.008995019048465558,
HSBC,2025-07-30 00:00:00-04:00,60.03477271604211,60.10149891165197,58.30941511281797,58.60491943359375,3806500,-0.05502617650653541,
HSBC,2025-07-31 00:00:00-04:00,58.47146464259948,58.652578075206605,58.18549472510752,58.43333435058594,1642400,-0.0029278272995877375,
HSBC,2025-08-01 00:00:00-04:00,58.280821109093544,58.60492134245721,57.77560742979035,58.500064849853516,1758700,0.0011419936926277963,
HSBC,2025-08-04 00:00:00-04:00,58.81462980398323,59.00527762711687,58.681177418681116,58.900421142578125,1125200,0.0068436897249970485,
HSBC,2025-08-05 00:00:00-04:00,59.20545675147135,59.34843989291257,58.69070871515141,59.12919616699219,1144000,0.003884098279370196,0.019491636076156418
HSBC,2025-08-06 00:00:00-04:00,59.60581757150566,59.83459570268777,59.51049547135772,59.75833511352539,868600,0.010640072710550452,0.018894467291488606
HSBC,2025-08-07 00:00:00-04:00,60.31121106672697,60.339806968367995,59.796463019359145,60.00617599487305,1184100,0.004147385981835283,0.019054807568973778
HSBC,2025-08-08 00:00:00-04:00,60.14915854565529,60.92128060908548,59.95851435485709,60.73063278198242,1363200,0.012073037068238923,0.019646237766217378
HSBC,2025-08-11 00:00:00-04:00,60.902215083596865,61.24538044298501,60.79735859752773,61.197715759277344,1288700,0.0076910606048139485,0.01976323109370259
HSBC,2025-08-12 00:00:00-04:00,61.62667802773669,62.06516549568365,61.59808212565904,61.93171310424805,1558200,0.011993868330934188,0.01994111590970245
HSBC,2025-08-13 00:00:00-04:00,62.198617887119255,62.28440559335219,61.85545251696774,61.93171310424805,1339800,0.0,0.005197105813198832
HSBC,2025-08-14 00:00:00-04:00,62.18908412177528,62.694297790527344,62.14142670870261,62.694297790527344,1477300,0.01231331490856169,0.00464001056221737
HSBC,2025-08-15 00:00:00-04:00,62.15640023945981,62.23324502235702,61.253496025383164,61.34954833984375,1693400,-0.021449310353178208,0.010116374247447556
HSBC,2025-08-18 00:00:00-04:00,61.06138659784174,61.435995747103455,61.003753011739605,61.40718078613281,1089500,0.0009394110934575206,0.010156950074865528
HSBC,2025-08-19 00:00:00-04:00,61.7625822809455,61.88744955434301,61.282309726041134,61.32073211669922,1038700,-0.001407794142751384,0.010313240676958798
HSBC,2025-08-20 00:00:00-04:00,62.4061411244112,62.905617548633295,62.18521420918571,62.7807502746582,1605500,0.02380953565884414,0.012001421291156002
HSBC,2025-08-21 00:00:00-04:00,62.5406178739401,62.82878215047396,62.482987949962116,62.68470001220703,973000,-0.0015299317391233025,0.01217977540563529
HSBC,2025-08-22 00:00:00-04:00,62.86719260059693,63.443521111369506,62.847985070121176,63.08811950683594,1225300,0.006435693152401445,0.011914982884854212
HSBC,2025-08-25 00:00:00-04:00,63.078513632061295,63.337862933965134,62.607852176430505,62.64627456665039,637700,-0.007003615635391869,0.012292837597626893
HSBC,2025-08-26 00:00:00-04:00,62.39652912879703,62.90561294555664,62.214024617762,62.90561294555664,1108200,0.004139725477695144,0.011855609116609633
HSBC,2025-08-27 00:00:00-04:00,61.781789881742064,62.156399030678465,61.74336749104068,62.05073928833008,1036700,-0.013589783442161774,0.01280352347294202
HSBC,2025-08-28 00:00:00-04:00,62.16600594625847,62.42534792094569,62.012316384724095,62.26205825805664,819700,0.003405583433013337,0.012166216573061559
HSBC,2025-08-29 00:00:00-04:00,61.69534578391454,61.95468776404663,61.66652349428048,61.925872802734375,991900,-0.005399523638118131,0.009975178093005294
HSBC,2025-09-02 00:00:00-04:00,61.29191626492418,61.59928439323881,61.04217439343741,61.55126190185547,1121600,-0.006049343899798276,0.010220145586754395
HSBC,2025-09-03 00:00:00-04:00,61.8778417097967,62.223635895079724,61.858634178757264,62.17561340332031,1779000,0.010143601969694549,0.010651742368950097
HSBC,2025-09-04 00:00:00-04:00,62.10837855038991,62.665484912801844,62.089163690255944,62.511802673339844,1054900,0.005407092131745284,0.0074719710814923216
HSBC,2025-09-05 00:00:00-04:00,63.674047608596574,63.75089238652684,62.67508748046719,63.02088165283203,1356000,0.008143725788110956,0.007922626297573067
HSBC,2025-09-08 00:00:00-04:00,63.13615563568786,63.51076480813771,62.99207349359433,63.424312591552734,923100,0.006401543871491944,0.00791982071675027
HSBC,2025-09-09 00:00:00-04:00,63.25141316034276,64.01984633769742,63.25141316034276,63.904579162597656,1074500,0.00757227869599153,0.00771170135909833
HSBC,2025-09-10 00:00:00-04:00,64.84591106071933,65.84487128494305,64.84591106071933,65.6719741821289,3494800,0.027656782075574204,0.011219017873706705
HSBC,2025-09-11 00:00:00-04:00,65.69118314137059,66.58448363726268,65.68157571091606,66.43080139160156,1890300,0.011554810387886194,0.009420310948241396
HSBC,2025-09-12 00:00:00-04:00,65.96973292870352,66.3347346353173,65.88328072052148,65.94091796875,1135000,-0.0073743416094554926,0.010425679482841354
HSBC,2025-09-15 00:00:00-04:00,66.53644587061217,66.7381652444659,66.32513372409352,66.70934295654297,1017700,0.011653234614615648,0.009762805711911663
HSBC,2025-09-16 00:00:00-04:00,66.24829506058401,66.4115847322778,65.95053067945747,66.22908020019531,1483500,-0.007199332733055397,0.00994535040245709
HSBC,2025-09-17 00:00:00-04:00,66.73817234931859,67.1800188763309,66.5268528519818,66.92066955566406,1857800,0.010442382007695539,0.009954966307167646
HSBC,2025-09-18 00:00:00-04:00,66.58447291638548,67.04553423577705,66.44039079605555,66.75736999511719,1084200,-0.0024401961551063778,0.010429750012654075
HSBC,2025-09-19 00:00:00-04:00,66.92066475242954,67.16079919519984,66.80540491002564,66.97830200195312,944700,0.0033094773933139976,0.010464340972027837
HSBC,2025-09-22 00:00:00-04:00,67.10317763912394,67.48739426111744,67.10317763912394,67.21844482421875,1217700,0.003585382356492417,0.010494898050886006
HSBC,2025-09-23 00:00:00-04:00,67.78515781792457,68.23661179351974,67.38173366760131,67.42975616455078,1448200,0.003143651134515535,0.010508797812140142
HSBC,2025-09-24 00:00:00-04:00,67.21844074104084,67.6218648718829,67.00712124536486,67.13198852539062,1121800,-0.004415967906416629,0.007409939995108082
HSBC,2025-09-25 00:00:00-04:00,66.06578725228357,66.43079629834766,65.91210501840528,66.20986938476562,1580700,-0.013735912802228967,0.008151034227340407
HSBC,2025-09-26 00:00:00-04:00,67.15119524716437,67.43935216498886,67.02632065395134,67.06474304199219,2042300,0.012911574440037432,0.008701405281787762
HSBC,2025-09-29 00:00:00-04:00,67.92923663077806,68.04449648045664,67.38173035983854,67.68910217285156,1318700,0.00930979681035149,0.008431700940099833
HSBC,2025-09-30 00:00:00-04:00,67.87160615578705,68.25581542269747,67.65067923182374,68.1789779663086,1573400,0.007237144203893875,0.008003435810322545
HSBC,2025-10-01 00:00:00-04:00,68.67845817592895,68.75530296485326,68.2654265958639,68.54398345947266,1279800,0.005353636913484339,0.007625918045243791
HSBC,2025-10-02 00:00:00-04:00,68.29423884248426,68.34226866573164,67.48739057584758,68.03489685058594,975400,-0.007427152365425682,0.008126144347878636
HSBC,2025-10-03 00:00:00-04:00,68.9089815354152,69.36043548583984,68.85135161095998,69.36043548583984,943200,0.01948321665225672,0.009857051845052766
HSBC,2025-10-06 00:00:00-04:00,69.01464032896904,69.2547747819775,68.54397885300259,68.6688461303711,982600,-0.00997094886478822,0.010743176213340725
HSBC,2025-10-07 00:00:00-04:00,68.27502593904725,68.41910806913246,67.85238697834973,67.91962432861328,984200,-0.010910650811510325,0.011497231382634044
HSBC,2025-10-08 00:00:00-04:00,69.01464596347496,69.08188332267386,68.5920142749344,68.67845916748047,1111500,0.011172541756057752,0.011767541734102443
HSBC,2025-10-09 00:00:00-04:00,65.47025991192889,65.78723181614448,64.4424774315824,64.67301177978516,3281300,-0.05832174216267083,0.022283788341943587
HSBC,2025-10-10 00:00:00-04:00,64.16391950519309,64.72102578616087,63.27061917592711,63.318641662597656,3082600,-0.02094181297446296,0.022318566189788974
HSBC,2025-10-13 00:00:00-04:00,63.52036207579655,64.06786832866361,63.52036207579655,63.83734130859375,1727500,0.008191894714988601,0.02223879225576872
HSBC,2025-10-14 00:00:00-04:00,63.90458241134818,64.65380076678034,63.78932255871078,64.20234680175781,1636500,0.005717742714246299,0.02214623724838161
HSBC,2025-10-15 00:00:00-04:00,64.01024150023393,64.21195356858684,63.501157614154366,63.78932189941406,2007000,-0.006433174532063046,0.021799653864040765
HSBC,2025-10-16 00:00:00-04:00,64.09668242826633,64.2119422594126,63.3570643129136,63.491539001464844,1589000,-0.004668224854604608,0.021810315533187387
HSBC,2025-10-17 00:00:00-04:00,63.10733489886016,63.28023200796618,62.09877453601036,63.261024475097656,2245600,-0.003630633781957493,0.01986934509637821
HSBC,2025-10-20 00:00:00-04:00,62.74233113697608,63.232207485130324,62.60785642623916,63.07851791381836,1808600,-0.002884976378324966,0.01995622161469456
HSBC,2025-10-21 00:00:00-04:00,63.89497408262421,64.02945612268108,63.41470516119392,63.424312591552734,1535200,0.0054819721383883024,0.020383976681718714
HSBC,2025-10-22 00:00:00-04:00,63.86616211048844,64.1159040132569,63.44353042309856,63.82773971557617,1344700,0.0063607646269889795,0.019969579379826977
HSBC,2025-10-23 00:00:00-04:00,64.19274707186102,64.30800692516684,63.616425820364945,63.645240783691406,1039000,-0.0028592416510125895,0.008674273093959366
HSBC,2025-10-24 00:00:00-04:00,63.93339434336982,64.46169307065169,63.83734202795182,64.35603332519531,1224900,0.011168039161320031,0.0063320439807644366
HSBC,2025-10-27 00:00:00-04:00,64.1255098029186,64.61537883678723,63.962212796640074,64.54814147949219,2017600,0.002985083827745205,0.005935485150589486
HSBC,2025-10-28 00:00:00-04:00,66.49802881256136,67.74672343715658,66.46920652550419,67.27606201171875,3078500,0.042261798243923954,0.014355635314689464
HSBC,2025-10-29 00:00:00-04:00,67.4777783460048,68.42870868642414,67.39133346429468,67.70830535888672,2471100,0.006424920458225847,0.013805166592298388
HSBC,2025-10-30 00:00:00-04:00,67.04554183901676,67.8523900790506,67.04554183901676,67.59304809570312,2236200,-0.0017022618210967844,0.013578980472187724
HSBC,2025-10-31 00:00:00-04:00,66.85343190888092,67.3721232196338,66.56527495512184,67.30488586425781,1643600,-0.004263193324812176,0.013632064110583212
HSBC,2025-11-03 00:00:00-05:00,67.39133220709581,67.69870399464483,67.26645760919305,67.67948913574219,1299500,0.005565766387894744,0.013256353377957922
HSBC,2025-11-04 00:00:00-05:00,66.78618748333963,67.55462060199302,66.71895013508156,67.09355926513672,1389800,-0.008657421592386583,0.014175339481778832
HSBC,2025-11-05 00:00:00-05:00,67.76595119021981,68.50556214236094,67.66029143586785,68.12134552001953,1663000,0.015318702214340174,0.014499085550250462
HSBC,2025-11-06 00:00:00-05:00,69.26437964352009,69.4852992282353,68.89937792667835,69.16832733154297,1790900,0.01536936482289164,0.0143190807795661
HSBC,2025-11-07 00:00:00-05:00,68.3945203086376,68.99422036508729,67.96892624408869,68.9361801147461,1306300,-0.003356264720471347,0.014742773944251652
HSBC,2025-11-10 00:00:00-05:00,69.22635874153555,70.03885582455287,69.15865126624755,69.68096923828125,1665500,0.010804038203094946,0.014713809362440834
HSBC,2025-11-11 00:00:00-05:00,69.89376718569042,70.43542699509807,69.86475075012379,70.15492248535156,1949200,0.0068017602546484035,0.008396042388912832
HSBC,2025-11-12 00:00:00-05:00,70.77396750535638,71.24792723910636,70.7159346316571,71.08348846435547,1740200,0.013235934787010795,0.00885741731481861
HSBC,2025-11-13 00:00:00-05:00,71.43169764522655,71.74121859200434,70.72560644455916,70.76429748535156,2230900,-0.004490367396135397,0.009128473646088603
HSBC,2025-11-14 00:00:00-05:00,69.91310717518189,70.54182365429477,69.6712937124124,70.1839370727539,1791300,-0.00820131666986157,0.009626274828311767
HSBC,2025-11-17 00:00:00-05:00,69.88409536400202,69.95180284287464,68.69436980145545,68.88782501220703,2806800,-0.0184673604047505,0.011972407270091037
HSBC,2025-11-18 00:00:00-05:00,67.09840571432036,67.90122084302915,66.68248624204692,67.31119537353516,2999900,-0.022886912722131836,0.014027358813834056
HSBC,2025-11-19 00:00:00-05:00,66.88560539093709,67.2144681586697,66.51804420398737,66.87593078613281,1957800,-0.0064664516056637256,0.01311732615750819
HSBC,2025-11-20 00:00:00-05:00,66.89528366158578,67.05004044912846,65.34767150878906,65.34767150878906,3340800,-0.022852157112116744,0.01313821213919418
HSBC,2025-11-21 00:00:00-05:00,66.08277853922176,66.73083680646222,65.55078600368957,66.70182037353516,2704000,0.02072222060068296,0.015573406597212992
HSBC,2025-11-24 00:00:00-05:00,66.65347026840132,66.94364201274188,66.44067322814793,66.69215393066406,1531900,-0.00014492022581935604,0.014849047903582276
HSBC,2025-11-25 00:00:00-05:00,67.17577780434273,67.43694047979362,66.856589638158,67.23381805419922,1385700,0.008121856794403248,0.01496388643272212
HSBC,2025-11-26 00:00:00-05:00,68.0559789202042,68.48157295967862,68.04630431579042,68.2687759399414,1413200,0.015393412358463365,0.015255015241326504
HSBC,2025-11-28 00:00:00-05:00,68.71371508818561,68.99421959308495,68.5879747430492,68.82978820800781,617200,0.008217699238667331,0.015724967144168447
HSBC,2025-12-01 00:00:00-05:00,69.22636156990512,69.50686608743345,69.02323913574219,69.02323913574219,1360300,0.002810569853124667,0.015679025850072643
HSBC,2025-12-02 00:00:00-05:00,69.58424770625749,69.84540301142017,69.46817458198429,69.64228057861328,1525200,0.008968594499798588,0.014764607909966292
HSBC,2025-12-03 00:00:00-05:00,69.29406805511299,69.7196621279631,69.07160379307699,69.6519546508789,1201000,0.0001389109056344484,0.012158239623414396
HSBC,2025-12-04 00:00:00-05:00,69.37145286483019,69.87442166015053,69.33276182218064,69.36177825927734,1037400,-0.004166091146415529,0.011969202493446759
HSBC,2025-12-05 00:00:00-05:00,69.37144991893544,69.40046635479995,68.5879766323479,68.6750259399414,1108300,-0.009901019503404718,0.00914093094465938
HSBC,2025-12-08 00:00:00-05:00,68.6266589795038,68.8491306161402,68.52026046366397,68.69436645507812,889500,0.0002816237034062308,0.007348180139091203
HSBC,2025-12-09 00:00:00-05:00,68.70403979770798,69.07160098369638,68.45255173038348,68.4719009399414,871700,-0.003238482667748288,0.007556160447826498
HSBC,2025-12-10 00:00:00-05:00,70.47412379808037,71.92500473153595,70.4451073601412,71.6541748046875,2851900,0.046475617312528694,0.015834307740012727
HSBC,2025-12-11 00:00:00-05:00,72.03140179828094,72.87290799972375,72.00238536092937,72.77618408203125,2104500,0.015658672790553885,0.015851078472992924
HSBC,2025-12-12 00:00:00-05:00,72.89224936743874,72.9696314450908,71.93467014006798,72.53436279296875,1684500,-0.003322808032775182,0.016131738720003858
HSBC,2025-12-15 00:00:00-05:00,73.1340683012425,73.43391465014346,72.71814882717261,72.81487274169922,1877200,0.0038672697729642547,0.016116560221134738
HSBC,2025-12-16 00:00:00-05:00,72.33124518800145,72.58273326732856,72.11844815007554,72.21517944335938,1587200,-0.00823586275385213,0.016612970570733403
HSBC,2025-12-17 00:00:00-05:00,74.5946200334757,74.79774245769411,73.5499840978714,73.60801696777344,2443400,0.019287323456788075,0.017241416331640762
HSBC,2025-12-18 00:00:00-05:00,74.51724410588733,74.7590575898578,74.0142679266741,74.24641418457031,2101800,0.008672930518918598,0.01690222456887235
HSBC,2025-12-19 00:00:00-05:00,75.2233338984125,75.80369215241875,75.2233338984125,75.36842346191406,2059500,0.015111965872917743,0.01595492331786232
HSBC,2025-12-22 00:00:00-05:00,75.94877143623452,76.24862515723754,75.68761613555338,76.15190124511719,1433000,0.010395305450419112,0.01562591935429118
HSBC,2025-12-23 00:00:00-05:00,76.30665525772777,77.02242103690112,76.30665525772777,76.68388366699219,1337000,0.006985806173934739,0.014949340743450364
HSBC,2025-12-24 00:00:00-05:00,76.68388856407178,77.0514497716409,76.68388856407178,76.97406768798828,701100,0.003784159162520284,0.008592266111710845
HSBC,2025-12-26 00:00:00-05:00,76.99340887197738,77.3512954711914,76.97406704100763,77.3512954711914,669000,0.004900712597549095,0.008076358530484572
HSBC,2025-12-29 00:00:00-05:00,76.52912990517278,76.6645448584731,76.17124331170108,76.2679672241211,996500,-0.014005301921204194,0.00995559576298996
HSBC,2025-12-30 00:00:00-05:00,77.04177024635946,77.07078668098576,76.60650158828123,76.68388366699219,1415900,0.005453356868013515,0.009946822041367594
HSBC,2025-12-31 00:00:00-05:00,76.64519888249471,76.66454809353209,76.06484800392369,76.09386444091797,822400,-0.007694175071211062,0.00986646090888273
HSBC,2026-01-02 00:00:00-05:00,78.15411942048748,78.17346125181413,77.4383462088514,77.8155746459961,2229300,0.022626137044398975,0.01043301682402999
HSBC,2026-01-05 00:00:00-05:00,78.33788843801754,79.0536616112002,78.33788843801754,78.61839294433594,2732200,0.010316935934638893,0.010499158424619386
HSBC,2026-01-06 00:00:00-05:00,80.06927908332449,80.31109256563921,79.30514759366251,79.39220428466797,2369400,0.009842624751690288,0.010103974041147303
HSBC,2026-01-07 00:00:00-05:00,78.37658002455288,78.40559645996719,77.60278135511304,77.63179779052734,2044400,-0.022173543485812908,0.013076712974031835
HSBC,2026-01-08 00:00:00-05:00,77.69950652110151,78.00902746978812,77.51572592109457,77.85426330566406,1232900,0.0028656494048611147,0.012966741937394272
HSBC,2026-01-09 00:00:00-05:00,77.54474533241833,77.77689158751201,77.27391541437082,77.56409454345703,1586500,-0.0037270760763324917,0.013042952701053184
HSBC,2026-01-12 00:00:00-05:00,78.53134941175244,78.97628533668826,78.11542992416172,78.64741516113281,1563200,0.013966779655615325,0.013657157220928409
HSBC,2026-01-13 00:00:00-05:00,79.10202060516065,79.30514303307667,78.69577574932858,78.85053253173828,1744400,0.0025826325021531815,0.012488680196227099
HSBC,2026-01-14 00:00:00-05:00,79.25678574311593,79.25678574311593,78.68610211327169,79.08267974853516,1388200,0.002944142662618443,0.012468163383276273
HSBC,2026-01-15 00:00:00-05:00,79.67270933880538,80.33044231025191,79.51794516690647,80.11764526367188,1690700,0.013087132586145023,0.01218766143139023
HSBC,2026-01-16 00:00:00-05:00,79.70172089537942,80.06927471178824,79.61466420912699,79.82746124267578,1506600,-0.003621973911503318,0.010769567526955442
HSBC,2026-01-20 00:00:00-05:00,79.99189448321916,80.34010647717074,79.57597501153042,79.79844665527344,1880900,-0.0003634662427023372,0.010444850615602342
HSBC,2026-01-21 00:00:00-05:00,79.40186673369979,80.62060867752139,79.25678455668886,80.44650268554688,1357700,0.008121160967869745,0.010306076399046125
HSBC,2026-01-22 00:00:00-05:00,81.1429299106335,81.48146730318402,80.77537608151601,81.00751495361328,1951300,0.00697373098069054,0.006219968763897874
HSBC,2026-01-23 00:00:00-05:00,80.98816938293055,81.32670675984969,80.66897383630908,81.19129180908203,1854300,0.0022686395894748745,0.006237922305189763
HSBC,2026-01-26 00:00:00-05:00,82.02312989010684,82.59380612260595,82.01345528527564,82.30362701416016,1268000,0.013700178680414732,0.006204312324051536
HSBC,2026-01-27 00:00:00-05:00,85.06997481093411,85.64065843091011,84.77012847305942,85.59229278564453,2932300,0.03995772593252256,0.012339272758737627
HSBC,2026-01-28 00:00:00-05:00,84.20911776940821,84.51863870604149,83.56105946138871,84.15108489990234,1844000,-0.01683805677868122,0.014689863291402264
HSBC,2026-01-29 00:00:00-05:00,85.9405095013593,86.08559906558445,84.18010765834667,85.64066314697266,2084600,0.017701236399294995,0.015016832107755363
HSBC,2026-01-30 00:00:00-05:00,85.17637950944868,85.54394072919939,84.4896300982854,85.12802124023438,2118100,-0.00598596376885252,0.015515796872832038
HSBC,2026-02-02 00:00:00-05:00,85.1957242964823,86.69496339638333,85.15703325538297,86.66594696044922,1686700,0.018066033931116054,0.015507455723442651
HSBC,2026-02-03 00:00:00-05:00,85.4375371629355,86.5015149571582,85.36982968638209,86.06625366210938,3116500,-0.006919595520181843,0.01604646426712082
HSBC,2026-02-04 00:00:00-05:00,86.9948134637684,87.52679865251231,85.99854318090715,86.48217010498047,2638300,0.00483251477988067,0.016070657775790018
HSBC,2026-02-05 00:00:00-05:00,83.88025529480184,84.99259870142423,83.46433584291908,84.02534484863281,4062800,-0.02840845984051188,0.01966255610399411
HSBC,2026-02-06 00:00:00-05:00,85.35047700996547,86.61758456195054,85.28276953616178,86.36609649658203,1941900,0.027857685703830848,0.02105172704441357
HSBC,2026-02-09 00:00:00-05:00,86.08559731464155,87.836324516547,86.08559731464155,87.74927520751953,2633200,0.016015297287312658,0.02115345848504534
HSBC,2026-02-10 00:00:00-05:00,86.86906836990934,87.06252357313083,85.9308309280791,86.5595474243164,2743400,-0.013558263363310119,0.018370933589650723
HSBC,2026-02-11 00:00:00-05:00,86.7529992170432,87.13022762404343,85.8147618120976,86.49183654785156,3334400,-0.0007822461932814884,0.017281176105446536
HSBC,2026-02-12 00:00:00-05:00,86.41446056603229,86.5498829022981,83.35794205527382,83.94796752929688,3555200,-0.029411666118886237,0.019116727359994208
HSBC,2026-02-13 00:00:00-05:00,81.32671006507529,82.68086700734791,81.18162050348151,82.3616714477539,6539100,-0.01889618210219768,0.019850475302634306
HSBC,2026-02-17 00:00:00-05:00,82.22625475919264,83.93829088715864,82.22625475919264,83.73516845703125,2228900,0.016676410096274186,0.019689894995830997
HSBC,2026-02-18 00:00:00-05:00,85.31178891413225,85.66000089986841,84.88620222678027,85.2150650024414,2297700,0.017673536372827314,0.02069229258033976
HSBC,2026-02-19 00:00:00-05:00,83.66745985782126,84.054362882209,83.43532099501316,83.99632263183594,1624100,-0.014301959055837754,0.02099602703424072
HSBC,2026-02-20 00:00:00-05:00,84.33487247697046,85.29245180092546,83.9673112608304,85.26343536376953,2140000,0.015085335788894927,0.019536013181133998
HSBC,2026-02-23 00:00:00-05:00,85.73737944591925,86.15329889064594,84.07370166701247,84.5379867553711,1666500,-0.008508320187937235,0.017378048637442915
HSBC,2026-02-24 00:00:00-05:00,84.24781666737526,85.18605416956314,83.85124638949203,85.00227355957031,2012400,0.005492049456331749,0.01646024910726498
HSBC,2026-02-25 00:00:00-05:00,89.56770596870862,91.67631967889403,89.33556710856345,91.11531066894531,3084400,0.07191616004354207,0.028319422494429553
HSBC,2026-02-26 00:00:00-05:00,90.68004668705048,91.69566616176988,90.31249288778763,91.40548706054688,2810500,0.0031847160424649523,0.02824942986064815
HSBC,2026-02-27 00:00:00-05:00,90.97989758832195,91.2120438327985,89.65476449568524,90.109375,2059100,-0.014179805854415806,0.026490313529803935
HSBC,2026-03-02 00:00:00-05:00,85.68901841929346,87.43007836999683,85.66000198337532,86.79169464111328,2714000,-0.03681837055119641,0.028959346586729346
HSBC,2026-03-03 00:00:00-05:00,80.90111073820196,83.11612292148266,80.2723942651165,82.6905288696289,3706600,-0.047252974935480196,0.03301961872786564
HSBC,2026-03-04 00:00:00-05:00,83.38695732157733,84.45093512913371,82.96136324673014,84.33486938476562,2025300,0.019885475853337553,0.033163997599535346
HSBC,2026-03-05 00:00:00-05:00,83.21284649545007,83.85123757066602,82.14886874965129,82.9420166015625,1930800,-0.01651574008905421,0.033273205850905686
HSBC,2026-03-06 00:00:00-05:00,80.54322712203053,81.59753768574151,80.1176404340872,81.29769134521484,2000200,-0.01982499731404741,0.03325608389960046
HSBC,2026-03-09 00:00:00-04:00,80.86241969898242,83.07743188226311,79.72105987047013,82.6905288696289,2382800,0.017132559379818613,0.03387503797753932
HSBC,2026-03-10 00:00:00-04:00,83.76418299474959,84.42191591626056,82.68086339195126,83.02906799316406,1889900,0.004094049562422208,0.0338449390750363
HSBC,2026-03-11 00:00:00-04:00,82.44871710775679,83.50302765441654,82.27461111746258,83.15481567382812,1835500,0.001514501893173259,0.022073760197144753
HSBC,2026-03-12 00:00:00-04:00,79.8951682892517,80.32076235406089,78.78282486140311,79.4695816040039,2585700,-0.04431774684318246,0.02419841724788585
HSBC,2026-03-13 00:00:00-04:00,79.17123566922103,79.6386465111231,77.60988891772546,77.75906372070312,2936400,-0.021524183829534582,0.024328121217720513
HSBC,2026-03-16 00:00:00-04:00,79.55908159224927,80.30494798217661,79.39995978713904,79.86737060546875,1647400,0.027113326522786974,0.026106619516361496
HSBC,2026-03-17 00:00:00-04:00,80.9314747012503,81.20993786598386,80.37456354647401,80.4541244506836,1545900,0.0073466027586321925,0.022428375937561484
HSBC,2026-03-18 00:00:00-04:00,80.4541205791585,80.90163736594805,79.42979864562395,79.4994125366211,1395600,-0.011866537863421955,0.021114716524088195
HSBC,2026-03-19 00:00:00-04:00,77.1325268815125,79.38007305237693,77.10269344000444,79.02205657958984,2665600,-0.006004521817206565,0.020774519706988293
HSBC,2026-03-20 00:00:00-04:00,78.56459098214454,78.75354622384948,75.78996717495195,76.52588653564453,3817500,-0.03158826980706597,0.022025646683217888
HSBC,2026-03-23 00:00:00-04:00,79.09167267973388,80.55357205319302,78.75355021674505,79.39002227783203,2950700,0.03742701812220672,0.02509549560976469
HSBC,2026-03-24 00:00:00-04:00,77.80877743319247,79.35023762961255,77.6297692012685,78.83309936523438,2563400,-0.00701502401206866,0.024953658985390727
HSBC,2026-03-25 00:00:00-04:00,80.99115045172888,81.16021168533426,80.00660131811881,80.7723617553711,2155900,0.024599595928000983,0.02662405101192443
HSBC,2026-03-26 00:00:00-04:00,80.1458243802292,80.59334875655945,79.09166900071612,79.19111633300781,1755700,-0.019576565399341384,0.023250660954004805
HSBC,2026-03-27 00:00:00-04:00,78.95244233585638,80.02649174944136,78.42536463863742,78.75354766845703,2641800,-0.005525476654613004,0.022137115041877823
HSBC,2026-03-30 00:00:00-04:00,79.27068281212085,79.96682936184126,78.54471040669368,78.91266632080078,1707100,0.002020463294093444,0.02025196571931904
HSBC,2026-03-31 00:00:00-04:00,80.96131279574728,82.12486252508504,80.20549940784751,82.03535461425781,2161300,0.039571445739299715,0.023955952672594438
HSBC,2026-04-01 00:00:00-04:00,84.43207962225821,85.74480420802612,83.86522145084355,84.9889907836914,4277800,0.036004429837867225,0.025561026568835007
HSBC,2026-04-02 00:00:00-04:00,82.10496863620949,84.48179555881661,81.91602097944396,83.94477844238281,2146200,-0.012286442416597931,0.025989503326141212
HSBC,2026-04-06 00:00:00-04:00,84.15362125846997,84.68069895987315,83.88510510926949,84.17350769042969,1229000,0.0027247584935121694,0.022445687577389562
HSBC,2026-04-07 00:00:00-04:00,83.77571397999866,84.82987701060354,82.98012768620983,84.68070220947266,2041100,0.006025583737205187,0.02023835378532799
HSBC,2026-04-08 00:00:00-04:00,90.886306080485,91.1249812030465,88.97688992530226,89.77247619628906,4241000,0.06012909498814745,0.025621587668829434
HSBC,2026-04-09 00:00:00-04:00,88.73821480274076,90.17027312545514,88.58904000588531,89.77247619628906,1766800,0.0,0.02560439706844875
HSBC,2026-04-10 00:00:00-04:00,90.4288405763837,90.4288405763837,89.67302718383735,89.76253509521484,1300600,-0.00011073662547178564,0.02369821825443821
HSBC,2026-04-13 00:00:00-04:00,88.92716177771959,90.63768324879318,88.65865321532794,90.47856903076172,1433100,0.007976979870135681,0.02290599881262512
HSBC,2026-04-14 00:00:00-04:00,90.3990061224101,91.04542516455692,90.20010387010217,90.86641693115234,1447100,0.004286627259310061,0.022782932549431714
HSBC,2026-04-15 00:00:00-04:00,90.72719022553909,90.82663755920137,90.279665843041,90.42884063720703,1410100,-0.004815599742167165,0.021635955099478618
HSBC,2026-04-16 00:00:00-04:00,91.02553078080895,91.24431946379818,89.86198106201543,90.0210952758789,1330400,-0.004509019008260506,0.01995174495947115
HSBC,2026-04-17 00:00:00-04:00,91.75151643006764,92.46754940537005,91.52278072343388,91.65206909179688,1407100,0.01811768464846697,0.019166439568876637
HSBC,2026-04-20 00:00:00-04:00,91.14487955210905,91.41338812932726,90.48851344970451,91.085205078125,1510200,-0.0061849559894181505,0.019689609241396143
HSBC,2026-04-21 00:00:00-04:00,91.7316220628789,91.95041075865399,90.09071443191127,90.14044189453125,2005000,-0.01037230121822108,0.020545027656679316
HSBC,2026-04-22 00:00:00-04:00,91.06531805063489,91.08520448360262,89.74264643158313,89.97138214111328,2233100,-0.0018755150281577482,0.008182064833013303
HSBC,2026-04-23 00:00:00-04:00,90.0111580611453,90.23988617181031,88.15146179747686,89.14595031738281,2469600,-0.009174381943314436,0.008710653538510908
HSBC,2026-04-24 00:00:00-04:00,89.05645092368253,89.53380116931517,88.75810132965313,89.1956787109375,1167100,0.000557831212496307,0.008717952585653131
HSBC,2026-04-27 00:00:00-04:00,89.43435418002093,89.89181799525062,89.01667081663888,89.46418762207031,1251200,0.003010335422223731,0.008306856331837646
HSBC,2026-04-28 00:00:00-04:00,89.37468901468021,89.9813276391684,89.04650597113502,89.47413635253906,1273500,0.00011120349642901317,0.008108819588132298
HSBC,2026-04-29 00:00:00-04:00,89.8818691979551,89.91171022675641,88.65865257418464,88.78793334960938,1813800,-0.0076692889241866125,0.008286215308541492
HSBC,2026-04-30 00:00:00-04:00,90.53823372478448,91.68189701440254,90.249831150022,91.35371398925781,1728700,0.028897852927215695,0.01265478523195715
HSBC,2026-05-01 00:00:00-04:00,91.22443332016942,92.30842214177909,90.91613672619131,91.4432144165039,1666400,0.0009797130662538844,0.011242176927987693
HSBC,2026-05-04 00:00:00-04:00,91.00564638591678,91.17470761297542,89.48408016769845,89.63324737548828,1349200,-0.01979334445497094,0.012770638700610343
HSBC,2026-05-05 00:00:00-04:00,85.91386129992627,87.08735803877322,84.74036456107932,86.91829681396484,3252600,-0.030289548142220735,0.01555258978545365
HSBC,2026-05-06 00:00:00-04:00,91.41338620360905,91.83106957596989,90.40895822540976,90.89625549316406,1858700,0.045766643215678915,0.022052636329461764
HSBC,2026-05-07 00:00:00-04:00,90.98575250557472,91.03547996647744,88.38019744093047,88.47964477539062,1838600,-0.026586471628142982,0.023599419990609265
HSBC,2026-05-08 00:00:00-04:00,89.63325253627316,90.01116305068692,89.15590226917094,89.66309356689453,1771400,0.013375379099996865,0.024007893243224287
HSBC,2026-05-11 00:00:00-04:00,90.44873081842408,90.60785262875606,89.88187264697105,90.05094146728516,1297600,0.00432561363836137,0.02402506509479113
HSBC,2026-05-12 00:00:00-04:00,88.17135877569338,89.67303102825677,88.07190385048901,89.47413635253906,1215700,-0.00640532020373874,0.02413730684978395
HSBC,2026-05-13 00:00:00-04:00,88.68848782375532,90.58795697952095,88.66860139149425,90.1304931640625,1026300,0.007335715529427578,0.024055860136537925
HSBC,2026-05-14 00:00:00-04:00,90.63768458495656,91.14487586289025,90.12055388454927,90.22000122070312,1456300,0.000993094051728871,0.022096887601253792
HSBC,2026-05-15 00:00:00-04:00,88.69000244140625,88.69000244140625,87.87999725341797,88.37999725341797,1296500,-0.020394634697288416,0.02290007795468454
HSBC,2026-05-18 00:00:00-04:00,89.87999725341797,90.41999816894531,89.36000061035156,90.12999725341797,1541900,0.019800860538410125,0.02312781410951359
HSBC,2026-05-19 00:00:00-04:00,89.2699966430664,89.5199966430664,88.44000244140625,88.47000122070312,1517100,-0.018417797440373196,0.021609973891837827
HSBC,2026-05-20 00:00:00-04:00,89.76000213623047,92.30999755859375,89.5999984741211,91.98999786376953,2069200,0.03978746009379153,0.02030727653753112
HSBC,2026-05-21 00:00:00-04:00,90.48999786376953,92.70999908447266,90.37999725341797,92.05000305175781,1566200,0.0006523012216734791,0.017812618937302932
HSBC,2026-05-22 00:00:00-04:00,92.63999938964844,92.76000213623047,91.87999725341797,92.0199966430664,1070200,-0.00032597944265722045,0.0175452836010385
HSBC,2026-05-26 00:00:00-04:00,93.91000366210938,94.33000183105469,93.05000305175781,93.73999786376953,1109600,0.018691602732553658,0.018263424198777224
HSBC,2026-05-27 00:00:00-04:00,95.04000091552734,95.22000122070312,93.98999786376953,94.68000030517578,1763300,0.010027762564837506,0.017942465050534078
HSBC,2026-05-28 00:00:00-04:00,92.56999969482422,93.37000274658203,91.9000015258789,92.94999694824219,2183200,-0.018272109752401677,0.019464185487780773
HSBC,2026-05-29 00:00:00-04:00,93.98999786376953,94.6500015258789,93.58000183105469,93.73999786376953,1571300,0.008499203243301334,0.01951197097290815
HSBC,2026-06-01 00:00:00-04:00,92.30999755859375,93.44000244140625,91.94999694824219,93.18000030517578,2331100,-0.005973944648554275,0.017981158263976182
HSBC,2026-06-02 00:00:00-04:00,94.20999908447266,95.61000061035156,94.19000244140625,95.20999908447266,1468400,0.021785777770426895,0.01816720820013476
HSBC,2026-06-03 00:00:00-04:00,94.43000030517578,94.55000305175781,93.5999984741211,93.63999938964844,1362500,-0.016489861463303668,0.017891610736787262
HSBC,2026-06-04 00:00:00-04:00,90.80000305175781,92.80999755859375,90.69000244140625,92.62000274658203,2659500,-0.01089274508452387,0.013950363227868487
HSBC,2026-06-05 00:00:00-04:00,91.87000274658203,92.12999725341797,90.33999633789062,90.80000305175781,2327600,-0.01965017966803484,0.015374122086370703
HSBC,2026-06-08 00:00:00-04:00,92.12999725341797,92.58000183105469,91.30000305175781,91.52999877929688,1510600,0.0080396002533496,0.015655617877302935
HSBC,2026-06-09 00:00:00-04:00,90.62999725341797,91.0199966430664,87.62000274658203,89.33999633789062,3875200,-0.023926608441096175,0.015674692996088667
HSBC,2026-06-10 00:00:00-04:00,86.94000244140625,87.22000122070312,86.12000274658203,86.16000366210938,2552300,-0.0355942781075822,0.017454756444006566
HSBC,2026-06-11 00:00:00-04:00,88.6500015258789,90.86000061035156,88.27999877929688,90.72000122070312,1882700,0.052924760501131374,0.02586087938142607
HSBC,2026-06-12 00:00:00-04:00,91.9800033569336,92.75,91.66999816894531,92.66999816894531,1677100,0.02149467506617686,0.026764957104771194
HSBC,2026-06-15 00:00:00-04:00,93.68000030517578,93.80000305175781,92.86000061035156,92.91999816894531,1315100,0.0026977447387472875,0.026720157875678652
HSBC,2026-06-16 00:00:00-04:00,94.91999816894531,95.41000366210938,94.30999755859375,94.44999694824219,1206800,0.016465764199812716,0.026288540660629082
HSBC,2026-06-17 00:00:00-04:00,95.83999633789062,96.62999725341797,94.94000244140625,95.2300033569336,1965300,0.00825840586441573,0.025775164118845027
HSBC,2026-06-18 00:00:00-04:00,95.29000091552734,95.87000274658203,94.91999816894531,94.97000122070312,1404500,-0.002730254405808985,0.025449339859189984
HSBC,2026-06-22 00:00:00-04:00,96.61000061035156,96.9000015258789,96.1500015258789,96.51000213623047,1104700,0.016215656478181018,0.02444153946368147
HSBC,2026-06-23 00:00:00-04:00,95.48999786376953,96.22000122070312,95.30000305175781,95.58999633789062,1051500,-0.009532750782050514,0.024936011585148847
HSBC,2026-06-24 00:00:00-04:00,94.54000091552734,94.62000274658203,93.56999969482422,93.8499984741211,1659900,-0.01820271922198846,0.024264399463294898
HSBC,2026-06-25 00:00:00-04:00,95.83999633789062,96.04000091552734,94.87999725341797,95.05999755859375,1135600,0.012892904679229211,0.019603814109514586
HSBC,2026-06-26 00:00:00-04:00,94.0,94.5199966430664,93.25,93.75,933600,-0.013780744711110349,0.013917501573357756
HSBC,2026-06-29 00:00:00-04:00,94.70999908447266,95.19000244140625,94.0199966430664,95.08000183105469,1571800,0.014186686197916742,0.013023665790559236
HSBC,2026-06-30 00:00:00-04:00,95.44000244140625,95.63999938964844,94.61000061035156,95.08999633789062,1080400,0.00010511681366698333,0.013048327343311532
HSBC,2026-07-01 00:00:00-04:00,94.7300033569336,96.41999816894531,94.66000366210938,95.80999755859375,1390400,0.00757178723768881,0.012261521108258101
HSBC,2026-07-02 00:00:00-04:00,97.05999755859375,97.87999725341797,96.08999633789062,96.77999877929688,1247600,0.010124217152911452,0.012389345705942146
HSBC,2026-07-06 00:00:00-04:00,97.55000305175781,98.77999877929688,97.52999877929688,98.73999786376953,1183400,0.020252109001802632,0.013556005671356059
HSBC,2026-07-07 00:00:00-04:00,98.0999984741211,98.5999984741211,97.16000366210938,97.4000015258789,1151500,-0.013570957736290468,0.013839076709008089
HSBC,2026-07-08 00:00:00-04:00,96.87999725341797,96.9800033569336,95.18000030517578,96.08999633789062,1209100,-0.01344974504584806,0.01422063511221562
HSBC,2026-07-09 00:00:00-04:00,97.80999755859375,98.27999877929688,97.69000244140625,98.0199966430664,965200,0.020085340604958812,0.013737991433104682
HSBC,2026-07-10 00:00:00-04:00,98.73999786376953,99.47000122070312,98.33000183105469,99.08999633789062,1099400,0.010916136823800882,0.013616559669470273
HSBC,2026-07-13 00:00:00-04:00,98.37000274658203,98.37000274658203,97.45999908447266,98.08999633789062,1385100,-0.010091836077882776,0.013114708808309396
HSBC,2026-07-14 00:00:00-04:00,99.31999969482422,100.80000305175781,98.77999877929688,99.25,1425000,0.011825911972852987,0.012943351144842793
HSBC,2026-07-15 00:00:00-04:00,99.95999908447266,100.7300033569336,99.72000122070312,100.45999908447266,1204800,0.012191426543805006,0.013063886086058173
HSBC,2026-07-16 00:00:00-04:00,100.27999877929688,101.0999984741211,99.69000244140625,100.5199966430664,1471000,0.000597228341036482,0.01313205703091386
HSBC,2026-07-17 00:00:00-04:00,98.52999877929688,100.7699966430664,98.37000274658203,100.61000061035156,1794200,0.0008953837076293159,0.013047195799252303
HSBC,2026-07-20 00:00:00-04:00,100.38999938964844,100.43000030517578,98.5999984741211,99.01000213623047,1626800,-0.015902976487572662,0.013041892462170952
HSBC,2026-07-21 00:00:00-04:00,100.63999938964844,101.6500015258789,99.95999908447266,101.12000274658203,1021400,0.021310984393762222,0.013559506545031342
BCS,2025-07-22 00:00:00-04:00,18.534559792193953,18.642376445086093,18.309126672037696,18.56396484375,19132000,,
BCS,2025-07-23 00:00:00-04:00,18.69138447036057,19.093244192615778,18.69138447036057,19.073640823364258,22996700,0.02745512523343585,
BCS,2025-07-24 00:00:00-04:00,19.181458357576815,19.269671653742414,19.00503176524562,19.014833450317383,20716300,-0.0030831750262823032,
BCS,2025-07-25 00:00:00-04:00,19.142251647612532,19.240264749952676,19.0148316234022,19.230464935302734,16138900,0.011340172163419648,
BCS,2025-07-28 00:00:00-04:00,19.23046696443051,19.259870150443028,18.916818647614722,19.024635314941406,28083700,-0.010703309621155954,
BCS,2025-07-29 00:00:00-04:00,19.426494800661754,19.67153131806562,19.33828150483794,19.651927947998047,22738700,0.032972649550027544,
BCS,2025-07-30 00:00:00-04:00,19.563713253908233,19.671529912093703,19.34808180701743,19.465700149536133,12818600,-0.009476311889332178,
BCS,2025-07-31 00:00:00-04:00,19.426493009463115,19.485301244763217,19.171654830522538,19.230464935302734,17397200,-0.012084600729812656,
BCS,2025-08-01 00:00:00-04:00,18.750192139192595,18.858008797321375,18.416944219438427,18.720788955688477,16530800,-0.026503570315588587,
BCS,2025-08-04 00:00:00-04:00,19.04423709902015,19.04423709902015,18.838405466675365,18.936420440673828,15013300,0.011518290468192527,
BCS,2025-08-05 00:00:00-04:00,19.103046566004714,19.132451620942195,18.769796754634267,19.00503158569336,15353100,0.0036232373079423397,0.01860385001044547
BCS,2025-08-06 00:00:00-04:00,19.063840863800994,19.22066407766476,19.01483244104346,19.171655654907227,13475600,0.008767366076849914,0.016655816996096487
BCS,2025-08-07 00:00:00-04:00,19.37748873127732,19.406891917636326,19.181458764642482,19.357885360717773,17711700,0.009713804022078776,0.01682893224853476
BCS,2025-08-08 00:00:00-04:00,19.53575146414801,19.7827892867556,19.427054219080986,19.703737258911133,13365200,0.017866202415641075,0.017353326896243804
BCS,2025-08-11 00:00:00-04:00,19.67409266090321,19.84207846095345,19.654329182132813,19.81243324279785,9418800,0.005516516103439173,0.016721425958121972
BCS,2025-08-12 00:00:00-04:00,20.019946695182536,20.187932501062736,19.9903014759981,20.168169021606445,10968400,0.01795517867235774,0.014356502037413791
BCS,2025-08-13 00:00:00-04:00,20.276865297340887,20.276865297340887,20.00018225252517,20.20769500732422,11234600,0.0019598202333304116,0.013721138416074991
BCS,2025-08-14 00:00:00-04:00,20.05947118617008,20.316390757385197,20.05947118617008,20.306509017944336,8518800,0.00488991993318888,0.012531528094489123
BCS,2025-08-15 00:00:00-04:00,20.257101462476232,20.276864940633047,19.93101161188487,20.029827117919922,12672900,-0.013625281419859858,0.009052473510695585
BCS,2025-08-18 00:00:00-04:00,19.9408938168004,20.059470919013318,19.90136685956339,20.049591064453125,8177000,0.0009867257673692453,0.009057567603665056
BCS,2025-08-19 00:00:00-04:00,20.108879496839272,20.138522829842962,19.84207819131178,19.88160514831543,10530300,-0.00837852081858792,0.01010726893024741
BCS,2025-08-20 00:00:00-04:00,19.94089311769981,20.04959036154176,19.713618775802097,20.01994514465332,10693700,0.006958190513586926,0.010039658924901223
BCS,2025-08-21 00:00:00-04:00,19.871723794564975,20.010064377263387,19.832196836794523,19.980419158935547,8462700,-0.0019743303706468707,0.010030614477742332
BCS,2025-08-22 00:00:00-04:00,20.059471245019502,20.336154295928058,20.04959139029874,20.22745704650879,8055100,0.012363999253877767,0.009258887246860796
BCS,2025-08-25 00:00:00-04:00,20.158287048339844,20.316391112660224,20.138523569112515,20.158287048339844,7094800,-0.003419609198027418,0.009383512684753084
BCS,2025-08-26 00:00:00-04:00,19.931012691472933,20.187932267180834,19.861842398926406,20.158287048339844,7264500,0.0,0.007464319787080443
BCS,2025-08-27 00:00:00-04:00,19.72349941468055,19.95077565036904,19.713619560073674,19.8914852142334,8558800,-0.013235342540100281,0.008491578430232525
BCS,2025-08-28 00:00:00-04:00,19.753144246961497,19.89148482574468,19.713619175058742,19.79267120361328,8176300,-0.004967653724992416,0.008229907383236234
BCS,2025-08-29 00:00:00-04:00,19.140491756363083,19.49622494730711,19.140491756363083,19.397409439086914,8560600,-0.019970107140172666,0.009348910469363363
BCS,2025-09-02 00:00:00-04:00,19.12072856679303,19.357884659256854,19.061440014864345,19.32823944091797,9791200,-0.0035659399976145645,0.009234491800725816
BCS,2025-09-03 00:00:00-04:00,19.28871334481453,19.46658087591563,19.259068128048018,19.44681739807129,8693100,0.006134959033169407,0.009538827827084647
BCS,2025-09-04 00:00:00-04:00,19.644446944452415,19.88160491418337,19.624685350932356,19.871723175048828,11460000,0.02184963062488987,0.011973463475900642
BCS,2025-09-05 00:00:00-04:00,19.842078224420096,19.89148503600805,19.38752952661395,19.47646141052246,11238400,-0.01989066378615134,0.013439598127322558
BCS,2025-09-08 00:00:00-04:00,19.664210302614393,19.753144069533047,19.466581175377726,19.703737258911133,9129700,0.011669257756744322,0.01335593038818662
BCS,2025-09-09 00:00:00-04:00,19.763026717250067,20.148405135116732,19.733381498664517,20.069353103637695,11430500,0.018555659767601318,0.014912224212869678
BCS,2025-09-10 00:00:00-04:00,20.17805069990469,20.30650954648123,20.15828722050857,20.247220993041992,6825200,0.00886266181504669,0.015195483214052195
BCS,2025-09-11 00:00:00-04:00,20.33615408240969,20.563428433582736,20.32627234304359,20.54366683959961,8923700,0.014641310363505688,0.014941603983946911
BCS,2025-09-12 00:00:00-04:00,20.444851600341828,20.573310444297253,20.444851600341828,20.47449493408203,6549900,-0.003367067138386637,0.014851117095063567
BCS,2025-09-15 00:00:00-04:00,20.849993490560205,20.879636824292746,20.731414501382773,20.80058479309082,7147100,0.01592663750967449,0.012737937065306487
BCS,2025-09-16 00:00:00-04:00,20.553546789887335,20.573310268711523,20.296629104169185,20.385560989379883,7290200,-0.019952506520335533,0.01509568620773628
BCS,2025-09-17 00:00:00-04:00,20.484375936502953,20.691888688963036,20.346035358028914,20.523902893066406,7211000,0.006786269151905833,0.01510040778946052
BCS,2025-09-18 00:00:00-04:00,20.51402098513122,20.81046561792181,20.464612289833447,20.761058807373047,10687100,0.011555107990047997,0.014185768266374818
BCS,2025-09-19 00:00:00-04:00,20.60295566278655,20.691889433505338,20.47449493408203,20.47449493408203,6884100,-0.013802950800815839,0.013113908803841614
BCS,2025-09-22 00:00:00-04:00,20.642479879591697,20.721531907534285,20.533784519138777,20.6820068359375,6363200,0.01013514142954719,0.013037105354925764
BCS,2025-09-23 00:00:00-04:00,20.800584853085205,20.968570655467445,20.682007748314856,20.721532821655273,7481300,0.0019111291293596455,0.01213617189859802
BCS,2025-09-24 00:00:00-04:00,20.593073923290117,20.70177117300177,20.434969860845396,20.47449493408203,8844300,-0.011921796022496545,0.012831712923124437
BCS,2025-09-25 00:00:00-04:00,20.08911658269473,20.138523395588216,19.931012519736658,20.069353103637695,7174600,-0.019787634896425876,0.013426927897821425
BCS,2025-09-26 00:00:00-04:00,20.385560309427174,20.44485074392213,20.27686494901778,20.35591697692871,5530500,0.014278680125423326,0.014389101136586355
BCS,2025-09-29 00:00:00-04:00,20.494258238163845,20.553546789887335,20.276865625344996,20.385560989379883,5239000,0.001456284798408758,0.01323648269577488
BCS,2025-09-30 00:00:00-04:00,20.454732191923267,20.57330928972774,20.187930894739726,20.425086975097656,8123300,0.0019389206771580625,0.011639299852785568
BCS,2025-10-01 00:00:00-04:00,20.39544204850967,20.49425755458558,20.296628427182767,20.35591697692871,6689200,-0.0033865215973511997,0.011448011079360667
BCS,2025-10-02 00:00:00-04:00,20.42508794702826,20.50413997757594,20.17805011597313,20.385560989379883,7427000,0.001456284798408758,0.010658936178000119
BCS,2025-10-03 00:00:00-04:00,20.6622442692701,20.75117804022241,20.58319223784017,20.721532821655273,5374000,0.0164808725376957,0.011151700324034773
BCS,2025-10-06 00:00:00-04:00,20.48437649875175,20.523903456400127,20.21757518887243,20.385560989379883,5917600,-0.016213657318066677,0.01190786298502165
BCS,2025-10-07 00:00:00-04:00,20.35591709076363,20.45473259739214,20.17804955578211,20.197813034057617,6693300,-0.009209849825573824,0.012084471894623664
BCS,2025-10-08 00:00:00-04:00,20.49425859471237,20.523903813464408,20.217575540607367,20.23733901977539,4952100,0.001956943836004754,0.0116708949609866
BCS,2025-10-09 00:00:00-04:00,20.118760637036605,20.128642375993277,19.65432832981783,19.69385528564453,6141600,-0.026855493876926317,0.013059557828572635
BCS,2025-10-10 00:00:00-04:00,19.851960678131878,19.980419523733048,19.486343851076203,19.506107330322266,7168000,-0.00953332664423101,0.01192142409013639
BCS,2025-10-13 00:00:00-04:00,19.69385683607646,19.871724381801553,19.674093356607198,19.842079162597656,5386700,0.017223930258659204,0.013666371040324069
BCS,2025-10-14 00:00:00-04:00,19.950775209860847,20.316390134212615,19.822314485819074,20.197813034057617,7707900,0.01792825583170332,0.015116667209288613
BCS,2025-10-15 00:00:00-04:00,20.039708333469978,20.19781238509606,19.950774568836685,20.089115142822266,6324700,-0.0053816663740804405,0.015164531811665702
BCS,2025-10-16 00:00:00-04:00,20.31639024487168,20.31639024487168,19.65432879702827,19.713619232177734,7880800,-0.018691510699947123,0.016080961012293
BCS,2025-10-17 00:00:00-04:00,19.249186611265586,19.46658110056415,19.061439223824653,19.1306095123291,11643000,-0.029573956612543806,0.016400535279557166
BCS,2025-10-20 00:00:00-04:00,19.308477344404455,19.40729096679829,19.24918690926931,19.387529373168945,6586200,0.01342977915441046,0.01736828394088767
BCS,2025-10-21 00:00:00-04:00,19.387530172757497,19.51598901801686,19.259069442749023,19.259069442749023,5067500,-0.006625905134550192,0.01731569736142852
BCS,2025-10-22 00:00:00-04:00,20.227456188465492,20.395441982828864,20.059470394102117,20.10887908935547,9632600,0.04412516654206233,0.023220847281602165
BCS,2025-10-23 00:00:00-04:00,20.50413952944295,20.563428079870643,20.26698344298313,20.365798950195312,6799100,0.012776438691495473,0.021523029686034503
BCS,2025-10-24 00:00:00-04:00,20.276864892979347,20.54366619322226,20.276864892979347,20.434968948364258,6808200,0.0033963802911980423,0.0210313032586294
BCS,2025-10-27 00:00:00-04:00,20.889517943356932,21.05750374026539,20.830229392903664,21.01797866821289,6078600,0.028530002728254678,0.022049049744341017
BCS,2025-10-28 00:00:00-04:00,21.037741457865444,21.334186085175613,20.998214502357968,21.314422607421875,7774600,0.014104302982156813,0.02185129790464974
BCS,2025-10-29 00:00:00-04:00,21.294660005046524,21.363832180028126,20.988333626267057,21.10691261291504,6372600,-0.00973566107460866,0.02213614511987536
BCS,2025-10-30 00:00:00-04:00,21.126673737887987,21.26501620003204,21.067385188254256,21.087148666381836,4944300,-0.0009363731634114414,0.020672976132206086
BCS,2025-10-31 00:00:00-04:00,21.057503105241377,21.294659184651653,21.01797803438082,21.235370635986328,5971200,0.007029019046126184,0.01625644645924079
BCS,2025-11-03 00:00:00-05:00,21.146437336945244,21.26501632163983,21.05750356961156,21.25513458251953,5505100,0.0009307088099377303,0.01649426225922778
BCS,2025-11-04 00:00:00-05:00,20.731413999778642,21.077267334699922,20.69188892750855,20.859874725341797,4472800,-0.018595970570932097,0.018135878788840168
BCS,2025-11-05 00:00:00-05:00,20.929044666973027,21.14643727271224,20.849992638999765,21.00809669494629,6564000,0.007105602097620567,0.013042419807937194
BCS,2025-11-06 00:00:00-05:00,21.34406829304908,21.42312032105208,21.166200758855076,21.334186553955078,4839300,0.015522103869944237,0.013263957463149316
BCS,2025-11-07 00:00:00-05:00,21.1662006474367,21.492290496826172,21.017978331304942,21.492290496826172,5487900,0.007410825928199527,0.013279681974977047
BCS,2025-11-10 00:00:00-05:00,21.739329410200718,22.01601246302204,21.640513899568166,21.946840286254883,5739400,0.02114943446794726,0.011976178917967397
BCS,2025-11-11 00:00:00-05:00,22.104945549717677,22.144470621897486,21.88755105610707,21.91719627380371,4637400,-0.0013507189219278404,0.011574981522601155
BCS,2025-11-12 00:00:00-05:00,22.134588885990865,22.322338161933043,22.11482540752347,22.2432861328125,5349900,0.014878265218555509,0.011211972383066504
BCS,2025-11-13 00:00:00-05:00,22.312456123313076,22.371744673170696,21.95672105466934,21.986366271972656,5245000,-0.01155044534812888,0.012317366110868219
BCS,2025-11-14 00:00:00-05:00,21.531818214966492,21.650395318168528,21.4033574876237,21.44288444519043,5078000,-0.024719038155706308,0.015261894841490703
BCS,2025-11-17 00:00:00-05:00,21.442883368849348,21.482408439683013,20.840110489456894,20.90928077697754,9296900,-0.024884882888625337,0.017332493522115005
BCS,2025-11-18 00:00:00-05:00,20.583191218201186,21.037741789967832,20.56342774013546,20.840110778808594,7258800,-0.0033081003075489113,0.016300884714823934
BCS,2025-11-19 00:00:00-05:00,20.741295971604817,20.988333801497323,20.70177089889153,20.8697566986084,6284800,0.001422541372954278,0.016124727464892734
BCS,2025-11-20 00:00:00-05:00,20.9092814718841,20.9685700224795,20.257101761087544,20.286746978759766,6472800,-0.02793562609608713,0.017138236544627893
BCS,2025-11-21 00:00:00-05:00,20.484375646971234,20.602954630236542,20.23733782618842,20.59307289123535,7365300,0.015099804458364341,0.01790662026960854
BCS,2025-11-24 00:00:00-05:00,20.751177710970406,20.919163510687273,20.711650753508053,20.8697566986084,4693400,0.013435770797024071,0.01683097692407228
BCS,2025-11-25 00:00:00-05:00,21.334186963834348,21.48240928359404,21.20572623789331,21.433002471923828,4531400,0.0269886123470231,0.019644094825898465
BCS,2025-11-26 00:00:00-05:00,22.13458968157033,22.272932151065476,22.02589431559092,22.114826202392578,5955000,0.031811862633893906,0.021869935283663475
BCS,2025-11-28 00:00:00-05:00,22.569376753279116,22.638547045509757,22.49032472147994,22.519969940185547,3841700,0.01832000550604085,0.02220954440137492
BCS,2025-12-01 00:00:00-05:00,22.510087264592023,22.579257553946395,22.450796829646258,22.48044204711914,4566400,-0.0017552373813728428,0.020161070018216168
BCS,2025-12-02 00:00:00-05:00,22.73736185005131,22.905347647999285,22.687953153743642,22.81641387939453,5359200,0.014945072324253683,0.01735828017058669
BCS,2025-12-03 00:00:00-05:00,22.707716749033683,23.023924868032555,22.6780734158457,22.984399795532227,5418800,0.007362503021975941,0.016844637444645462
BCS,2025-12-04 00:00:00-05:00,23.063451242243893,23.290725586435265,23.053569503181354,23.122739791870117,5485700,0.006018864863496676,0.01664705649317351
BCS,2025-12-05 00:00:00-05:00,23.221554937679723,23.221554937679723,22.885583353758907,22.94487190246582,4034000,-0.007692336245847198,0.012063134902564573
BCS,2025-12-08 00:00:00-05:00,22.97451805621988,23.023924868032555,22.875702547845467,22.984399795532227,4918300,0.0017227332204960977,0.01247185556088184
BCS,2025-12-09 00:00:00-05:00,23.0733326791279,23.21167325469366,22.806531382180516,22.865819931030273,4617000,-0.005159145575121871,0.013436428815656765
BCS,2025-12-10 00:00:00-05:00,23.18202852550206,23.606933884818854,23.18202852550206,23.537763595581055,5615400,0.029386379608409063,0.013804382879909106
BCS,2025-12-11 00:00:00-05:00,23.66622525316544,23.933024681499415,23.64646177410393,23.90338134765625,6196700,0.01553324089565744,0.011676197847972372
BCS,2025-12-12 00:00:00-05:00,23.824328849976695,23.8737356619146,23.47847551216417,23.557527542114258,4146500,-0.014468823490359606,0.012949451044667389
BCS,2025-12-15 00:00:00-05:00,24.12077360820926,24.219589117313884,23.97255128692686,24.051603317260742,5162700,0.020973159185029733,0.013685812139762069
BCS,2025-12-16 00:00:00-05:00,23.89349931529709,24.061485115762952,23.853972357658495,23.972551345825195,5514100,-0.0032867651437945566,0.013703772715877553
BCS,2025-12-17 00:00:00-05:00,24.417218962206743,24.535797953537084,24.071367497387257,24.081249237060547,7099900,0.0045342646123596175,0.013679654685470116
BCS,2025-12-18 00:00:00-05:00,24.516032726611638,24.614848231551523,24.35792867260741,24.49627113342285,5507000,0.0172342344982499,0.014242838753379256
BCS,2025-12-19 00:00:00-05:00,24.763071003156576,24.960702016680177,24.733427670452354,24.84212303161621,5830900,0.014118552832372844,0.013588886963452299
BCS,2025-12-22 00:00:00-05:00,24.812480282100804,25.049636373053794,24.79271680333412,25.02987289428711,5724000,0.007557722117065069,0.013410698320770183
BCS,2025-12-23 00:00:00-05:00,25.03975428395508,25.26702863235052,25.02987254470975,25.1780948638916,4514400,0.0059218027287035735,0.012575391882116121
BCS,2025-12-24 00:00:00-05:00,25.19785799457801,25.365843789931823,25.148451183782367,25.326316833496094,1938800,0.0058869414229216765,0.010527189639121064
BCS,2025-12-26 00:00:00-05:00,25.375726173321553,25.4547782034511,25.29667414319201,25.435014724731445,2773600,0.004291894946666375,0.010155891301771493
BCS,2025-12-29 00:00:00-05:00,25.247265153859864,25.27691037159585,25.099042834678013,25.1780948638916,5454800,-0.010101030552580381,0.00921489261597176
BCS,2025-12-30 00:00:00-05:00,25.474542036073814,25.51406710931315,25.138570432168525,25.286792755126953,7783700,0.004317161080810594,0.007737904377088791
BCS,2025-12-31 00:00:00-05:00,25.237384617496527,25.29667316661759,25.1188056345054,25.14845085144043,2819200,-0.005470915391532771,0.008024797790687821
BCS,2026-01-02 00:00:00-05:00,25.682052086876627,25.751222376386934,25.454777739985897,25.74134063720703,6813900,0.02357559872252102,0.009970316376138896
BCS,2026-01-05 00:00:00-05:00,25.721579568247233,26.126721459142004,25.721579568247233,26.008142471313477,5511900,0.010364721786122022,0.009385935285015981
BCS,2026-01-06 00:00:00-05:00,26.265062337416957,26.324350889625826,25.90932725466555,25.93897247314453,6593200,-0.002659551647920977,0.009281644323189902
BCS,2026-01-07 00:00:00-05:00,25.652407512495024,25.77098650087788,25.48442359647203,25.523948669433594,5365300,-0.016000009412116323,0.011178081595987053
BCS,2026-01-08 00:00:00-05:00,25.642527480924453,25.810513280537698,25.622764002205468,25.761104583740234,4035200,0.009291505690522284,0.011358356063488824
BCS,2026-01-09 00:00:00-05:00,25.652406692504883,25.780867416209095,25.523947853549693,25.652406692504883,3828500,-0.004219457705395113,0.01145782952431478
BCS,2026-01-12 00:00:00-05:00,25.15833103814228,25.39548900725862,25.138569444673433,25.326316833496094,5358800,-0.012711862201376434,0.012208061091351545
BCS,2026-01-13 00:00:00-05:00,25.55359273756334,25.60299954772879,25.2966731782552,25.47454071044922,5700800,0.0058525634788351155,0.011830429274462833
BCS,2026-01-14 00:00:00-05:00,25.622763651232482,25.682052201828256,25.42513263624785,25.583236694335938,5520600,0.004266847639067928,0.01182898294819666
BCS,2026-01-15 00:00:00-05:00,25.504184898521082,25.761104466450952,25.484423304641137,25.59311866760254,4155900,0.00038626751511827706,0.011603231665776587
BCS,2026-01-16 00:00:00-05:00,25.721579917985565,25.98837934591657,25.64252788660803,25.859920501708984,3558600,0.010424748838608,0.009398673777800369
BCS,2026-01-20 00:00:00-05:00,25.34608031171396,25.672170163312654,25.267028283591518,25.326316833496094,5259500,-0.020634389350795868,0.010792201951489
BCS,2026-01-21 00:00:00-05:00,25.31643802754801,25.61288267409636,25.168213819524738,25.533830642700195,6570400,0.008193603932556304,0.011318476002819917
BCS,2026-01-22 00:00:00-05:00,25.859919565274552,26.0081418831464,25.761104058443646,25.820392608642578,4520900,0.011222834910762147,0.010704623586080913
BCS,2026-01-23 00:00:00-05:00,25.89944436846662,25.929089585633054,25.69193350254864,25.889564514160156,4306000,0.0026789641259918895,0.010348049156549107
BCS,2026-01-26 00:00:00-05:00,26.027905424237545,26.205772960012364,26.027905424237545,26.06743049621582,3854800,0.00687018053001176,0.010374790428706976
BCS,2026-01-27 00:00:00-05:00,26.650439601241363,26.87771583025212,26.541744241017796,26.867834091186523,3976700,0.030705120517608986,0.012550909266532803
BCS,2026-01-28 00:00:00-05:00,26.41328394893881,26.512099456458305,25.968616992224618,26.235416412353516,4972900,-0.023538096769789907,0.01564760808456547
BCS,2026-01-29 00:00:00-05:00,26.64055830043857,26.759137286427485,26.067430618448395,26.561506271362305,5877600,0.012429376148771265,0.01592808085109738
BCS,2026-01-30 00:00:00-05:00,26.650440863785978,26.739374634840527,26.225537372329793,26.433048248291016,5065800,-0.0048362476795899,0.016139355126890673
BCS,2026-02-02 00:00:00-05:00,26.620796048102054,27.213687193879746,26.620796048102054,27.18404197692871,4583000,0.028411166263665688,0.01791929443793873
BCS,2026-02-03 00:00:00-05:00,27.01605641645473,27.371791483935898,26.828307143645336,27.193923950195312,7131900,0.000363521115623211,0.015648513908536305
BCS,2026-02-04 00:00:00-05:00,26.630677751894005,26.82830687705941,26.027904867929184,26.205772399902344,8807700,-0.03633721827356484,0.020828782041205786
BCS,2026-02-05 00:00:00-05:00,25.31643732857717,25.73146095313578,25.05951776244574,25.1780948638916,8887300,-0.039215693410150076,0.0243680269239224
BCS,2026-02-06 00:00:00-05:00,25.850038584069434,26.136603373806576,25.83027510517396,26.097076416015625,5846600,0.03649924893411827,0.0272984022487559
BCS,2026-02-09 00:00:00-05:00,25.573354850467794,26.521981079863686,25.573354850467794,26.39352035522461,7073100,0.011359277739902529,0.027439736048191114
BCS,2026-02-10 00:00:00-05:00,25.790749976632625,25.958735777384508,25.44489663570239,25.850038528442383,7738800,-0.020591486829631855,0.02615559225671544
BCS,2026-02-11 00:00:00-05:00,26.274943900035325,26.442929700787207,25.652407509411084,25.850038528442383,7472900,0.0,0.025198110440953676
BCS,2026-02-12 00:00:00-05:00,25.879682756289526,26.018023333467603,24.852004512255203,25.237384796142578,8551200,-0.023700302482168922,0.02561480344575207
BCS,2026-02-13 00:00:00-05:00,24.249233876958023,25.010108947753906,24.021957644890072,25.010108947753906,14524200,-0.009005522966207269,0.025649280735439036
BCS,2026-02-17 00:00:00-05:00,25.049635684678034,25.721578866287395,25.049635684678034,25.652406692504883,9856500,0.025681525262154503,0.025263203279106517
BCS,2026-02-18 00:00:00-05:00,26.136603607890947,26.393521296836795,25.958736065736822,26.106958389282227,5913900,0.017719651112117818,0.02628588037879358
BCS,2026-02-19 00:00:00-05:00,25.563475567999024,25.612882380273938,25.306555997721503,25.60300064086914,6399000,-0.019303579562909845,0.024426325742115774
BCS,2026-02-20 00:00:00-05:00,25.860000610351562,26.049999237060547,25.610000610351562,25.989999771118164,6523700,0.01511538181314842,0.02105179219140002
BCS,2026-02-23 00:00:00-05:00,26.06999969482422,26.170000076293945,25.0,25.110000610351562,7673400,-0.03385914461394168,0.020502241964280014
BCS,2026-02-24 00:00:00-05:00,24.729999542236328,25.25,24.670000076293945,25.139999389648438,6417600,0.0011946944869649645,0.01991863150288763
BCS,2026-02-25 00:00:00-05:00,25.309999465942383,25.75,25.260000228881836,25.6299991607666,5214800,0.019490842602005953,0.020387227104648294
BCS,2026-02-26 00:00:00-05:00,25.719999313354492,25.850000381469727,25.15999984741211,25.290000915527344,12608300,-0.013265636222092203,0.020767077854225536
BCS,2026-02-27 00:00:00-05:00,24.8799991607666,24.920000076293945,24.049999237060547,24.280000686645508,12874000,-0.03993674149144555,0.023150702549677455
BCS,2026-03-02 00:00:00-05:00,22.8799991607666,23.84000015258789,22.850000381469727,23.709999084472656,12053600,-0.02347617734979568,0.023962958159775772
BCS,2026-03-03 00:00:00-05:00,22.309999465942383,23.200000762939453,22.219999313354492,23.06999969482422,15136200,-0.026992805329442815,0.02217642777550622
BCS,2026-03-04 00:00:00-05:00,23.06999969482422,23.3799991607666,22.920000076293945,23.34000015258789,8822100,0.011703531050511806,0.0213988667194353
BCS,2026-03-05 00:00:00-05:00,22.850000381469727,23.059999465942383,22.18000030517578,22.43000030517578,10038500,-0.0389888535331141,0.023092851766877157
BCS,2026-03-06 00:00:00-05:00,21.760000228881836,21.989999771118164,21.5,21.860000610351562,8625900,-0.0254123801635745,0.021099882759929918
BCS,2026-03-09 00:00:00-04:00,21.200000762939453,22.010000228881836,20.969999313354492,21.959999084472656,10216800,0.004574495486232566,0.02117872028079945
BCS,2026-03-10 00:00:00-04:00,22.520000457763672,22.889999389648438,22.149999618530273,22.450000762939453,9655900,0.022313374266634822,0.023670124567551416
BCS,2026-03-11 00:00:00-04:00,22.209999084472656,22.3700008392334,22.010000228881836,22.200000762939453,7570000,-0.011135857082584244,0.021132018308035582
BCS,2026-03-12 00:00:00-04:00,21.280000686645508,21.34000015258789,20.709999084472656,20.889999389648438,13477000,-0.059009068841021084,0.02545026829055101
BCS,2026-03-13 00:00:00-04:00,20.809999465942383,20.989999771118164,20.389999389648438,20.469999313354492,10517200,-0.020105317786752397,0.02435514111885289
BCS,2026-03-16 00:00:00-04:00,20.860000610351562,21.06999969482422,20.729999542236328,20.809999465942383,8986000,0.0166096807031193,0.026326393864564937
BCS,2026-03-17 00:00:00-04:00,21.280000686645508,21.389999389648438,21.079999923706055,21.139999389648438,8123600,0.015857757432725217,0.027204132548769862
BCS,2026-03-18 00:00:00-04:00,21.309999465942383,21.479999542236328,20.940000534057617,20.959999084472656,7339700,-0.008514678825578437,0.02628310455035651
BCS,2026-03-19 00:00:00-04:00,20.079999923706055,20.93000030517578,20.079999923706055,20.799999237060547,12120400,-0.007633580839735754,0.024285439851341545
BCS,2026-03-20 00:00:00-04:00,20.729999542236328,20.739999771118164,19.84000015258789,20.06999969482422,13441700,-0.035096133125603446,0.025263691354156993
BCS,2026-03-23 00:00:00-04:00,20.790000915527344,21.149999618530273,20.540000915527344,20.68000030517578,10977800,0.030393653195165404,0.027897880880430565
BCS,2026-03-24 00:00:00-04:00,20.329999923706055,20.81999969482422,20.280000686645508,20.68000030517578,10088700,0.0,0.02625856869642178
BCS,2026-03-25 00:00:00-04:00,21.399999618530273,21.440000534057617,20.920000076293945,21.139999389648438,7753300,0.022243669133676258,0.027868572887120063
BCS,2026-03-26 00:00:00-04:00,20.65999984741211,20.93000030517578,20.59000015258789,20.65999984741211,8215200,-0.022705750051788987,0.02165429952846788
BCS,2026-03-27 00:00:00-04:00,20.350000381469727,20.579999923706055,20.139999389648438,20.239999771118164,6177600,-0.02032914227473026,0.021676466317237367
BCS,2026-03-30 00:00:00-04:00,20.280000686645508,20.510000228881836,20.06999969482422,20.209999084472656,5282900,-0.0014822473806703762,0.020787842435305678
BCS,2026-03-31 00:00:00-04:00,20.8799991607666,21.229999542236328,20.610000610351562,21.15999984741211,10004200,0.047006472339196526,0.02564758653914015
BCS,2026-04-01 00:00:00-04:00,21.8700008392334,22.049999237060547,21.65999984741211,21.829999923706055,10670100,0.03166351990195726,0.027198124463787176
BCS,2026-04-02 00:00:00-04:00,21.1299991607666,21.8799991607666,21.09000015258789,21.799999237060547,7607500,-0.0013742870705615307,0.0269612551803985
BCS,2026-04-06 00:00:00-04:00,21.81999969482422,22.049999237060547,21.6299991607666,21.920000076293945,5146400,0.005504625845554889,0.02301521155044957
BCS,2026-04-07 00:00:00-04:00,21.700000762939453,21.959999084472656,21.440000534057617,21.90999984741211,8943400,-0.0004562148196637361,0.021882360667089564
BCS,2026-04-08 00:00:00-04:00,24.100000381469727,24.100000381469727,23.329999923706055,23.510000228881836,12176000,0.07302603343736269,0.030242935968114445
BCS,2026-04-09 00:00:00-04:00,23.200000762939453,23.600000381469727,23.100000381469727,23.399999618530273,5702300,-0.004678885975357261,0.030555970282584173
BCS,2026-04-10 00:00:00-04:00,23.899999618530273,23.920000076293945,23.65999984741211,23.729999542236328,7405900,0.014102561072040887,0.028223776045205155
BCS,2026-04-13 00:00:00-04:00,23.350000381469727,23.860000610351562,23.239999771118164,23.829999923706055,7528900,0.004214091167247469,0.025844902914156784
BCS,2026-04-14 00:00:00-04:00,23.950000762939453,24.079999923706055,23.860000610351562,23.920000076293945,9166600,0.0037767584085621753,0.02548360802174699
BCS,2026-04-15 00:00:00-04:00,23.920000076293945,24.059999465942383,23.829999923706055,23.90999984741211,6283800,-0.0004180697679740941,0.023685984918008524
BCS,2026-04-16 00:00:00-04:00,24.1200008392334,24.139999389648438,23.5,23.5,8071600,-0.017147630699649974,0.02432702497222198
BCS,2026-04-17 00:00:00-04:00,24.43000030517578,24.729999542236328,24.260000228881836,24.299999237060547,9228200,0.034042520725980685,0.02541998930700977
BCS,2026-04-20 00:00:00-04:00,24.059999465942383,24.18000030517578,23.829999923706055,24.059999465942383,7047900,-0.009876534100961343,0.02625431702570502
BCS,2026-04-21 00:00:00-04:00,23.979999542236328,24.100000381469727,23.360000610351562,23.40999984741211,7479500,-0.02701577859344373,0.028627404713578185
BCS,2026-04-22 00:00:00-04:00,23.579999923706055,23.600000381469727,23.270000457763672,23.31999969482422,5324700,-0.0038445174359041934,0.016810705504184086
BCS,2026-04-23 00:00:00-04:00,23.06999969482422,23.170000076293945,22.5,22.770000457763672,6632900,-0.02358487325291936,0.018306419279736714
BCS,2026-04-24 00:00:00-04:00,22.860000610351562,23.040000915527344,22.739999771118164,22.950000762939453,5211500,0.007905151583534886,0.017776310084449232
BCS,2026-04-27 00:00:00-04:00,23.079999923706055,23.25,23.049999237060547,23.09000015258789,5372700,0.0061001910672924264,0.017873396083413023
BCS,2026-04-28 00:00:00-04:00,22.920000076293945,23.149999618530273,22.790000915527344,23.0,5376100,-0.003897797834263028,0.017713836174531664
BCS,2026-04-29 00:00:00-04:00,23.100000381469727,23.280000686645508,22.850000381469727,23.0,7982700,0.0,0.017723126873769066
BCS,2026-04-30 00:00:00-04:00,23.15999984741211,23.540000915527344,23.030000686645508,23.40999984741211,7459400,0.017826080322265625,0.01822523754799938
BCS,2026-05-01 00:00:00-04:00,23.420000076293945,23.729999542236328,23.329999923706055,23.43000030517578,6114300,0.000854355313713695,0.013766125397866459
BCS,2026-05-04 00:00:00-04:00,23.6299991607666,23.6299991607666,22.760000228881836,22.850000381469727,4465900,-0.02475458455619095,0.015249514614754133
BCS,2026-05-05 00:00:00-04:00,22.959999084472656,23.059999465942383,22.530000686645508,22.829999923706055,6002300,-0.0008752935417843943,0.0131616794584191
BCS,2026-05-06 00:00:00-04:00,24.15999984741211,24.260000228881836,23.899999618530273,24.020000457763672,6001900,0.05212442128928574,0.021653017946269903
BCS,2026-05-07 00:00:00-04:00,24.049999237060547,24.079999923706055,23.260000228881836,23.290000915527344,6221000,-0.03039132091275132,0.02267054310673618
BCS,2026-05-08 00:00:00-04:00,23.920000076293945,23.979999542236328,23.600000381469727,23.709999084472656,6329200,0.01803341143989834,0.023160347221394574
BCS,2026-05-11 00:00:00-04:00,23.59000015258789,23.600000381469727,23.059999465942383,23.170000076293945,8909500,-0.022775159385491017,0.02455825719774697
BCS,2026-05-12 00:00:00-04:00,22.25,22.780000686645508,22.190000534057617,22.729999542236328,8203400,-0.018990096357737962,0.02531835282614637
BCS,2026-05-13 00:00:00-04:00,22.559999465942383,22.969999313354492,22.540000915527344,22.84000015258789,5708800,0.0048394462193965815,0.025383524791487252
BCS,2026-05-14 00:00:00-04:00,23.239999771118164,23.459999084472656,22.950000762939453,23.010000228881836,6516300,0.0074430856023739445,0.024759347275897986
BCS,2026-05-15 00:00:00-04:00,22.530000686645508,22.65999984741211,22.43000030517578,22.530000686645508,5609400,-0.020860475335147566,0.02547671377981207
BCS,2026-05-18 00:00:00-04:00,22.81999969482422,23.049999237060547,22.75,22.940000534057617,5893600,0.018197950950580077,0.025136257997697663
BCS,2026-05-19 00:00:00-04:00,22.850000381469727,22.969999313354492,22.600000381469727,22.6299991607666,4651600,-0.0135135730633823,0.025537363896828605
BCS,2026-05-20 00:00:00-04:00,22.989999771118164,23.8799991607666,22.950000762939453,23.8700008392334,7062700,0.05479459674998899,0.02615623751361617
BCS,2026-05-21 00:00:00-04:00,23.510000228881836,24.110000610351562,23.440000534057617,23.969999313354492,4179300,0.004189294956233658,0.02393036060949359
BCS,2026-05-22 00:00:00-04:00,24.0,24.06999969482422,23.790000915527344,23.829999923706055,3666700,-0.005840608830157135,0.023465345452814864
BCS,2026-05-26 00:00:00-04:00,24.520000457763672,24.649999618530273,24.280000686645508,24.530000686645508,4156800,0.02937476983552534,0.023451479018730004
BCS,2026-05-27 00:00:00-04:00,24.670000076293945,24.760000228881836,24.399999618530273,24.559999465942383,4357200,0.0012229424564673685,0.021880187632169815
BCS,2026-05-28 00:00:00-04:00,24.149999618530273,24.450000762939453,24.0,24.34000015258789,4643700,-0.008957626960031773,0.022526030821891196
BCS,2026-05-29 00:00:00-04:00,24.6200008392334,24.940000534057617,24.489999771118164,24.530000686645508,4922200,0.007806102418508543,0.022527823874903322
BCS,2026-06-01 00:00:00-04:00,24.190000534057617,24.549999237060547,24.110000610351562,24.520000457763672,5513100,-0.00040767340407288355,0.020599441144311708
BCS,2026-06-02 00:00:00-04:00,24.899999618530273,25.3700008392334,24.860000610351562,25.280000686645508,5288200,0.030995114791737333,0.02162781035305798
BCS,2026-06-03 00:00:00-04:00,25.010000228881836,25.010000228881836,24.579999923706055,24.690000534057617,4707200,-0.023338612996935848,0.022993042285156536
BCS,2026-06-04 00:00:00-04:00,24.75,25.020000457763672,24.68000030517578,25.010000228881836,3569900,0.012960700198560549,0.016667671935707593
BCS,2026-06-05 00:00:00-04:00,24.670000076293945,24.809999465942383,24.1299991607666,24.270000457763672,5620400,-0.029588155311714215,0.019912062176405256
BCS,2026-06-08 00:00:00-04:00,24.479999542236328,24.579999923706055,24.209999084472656,24.229999542236328,4371000,-0.0016481629490265881,0.01978587853601558
BCS,2026-06-09 00:00:00-04:00,24.739999771118164,24.809999465942383,23.770000457763672,24.31999969482422,5486200,0.003714409999513446,0.01732991284704238
BCS,2026-06-10 00:00:00-04:00,24.079999923706055,24.1200008392334,23.639999389648438,23.639999389648438,5834000,-0.027960539214994307,0.01930975062652002
BCS,2026-06-11 00:00:00-04:00,23.959999084472656,24.799999237060547,23.829999923706055,24.75,6494400,0.04695434175170132,0.024888567200505328
BCS,2026-06-12 00:00:00-04:00,25.239999771118164,25.469999313354492,25.079999923706055,25.469999313354492,5597300,0.02909088134765625,0.02631444348504655
BCS,2026-06-15 00:00:00-04:00,25.93000030517578,25.989999771118164,25.610000610351562,25.639999389648438,3832700,0.006674522217392065,0.026275601771773262
BCS,2026-06-16 00:00:00-04:00,26.15999984741211,26.280000686645508,25.8700008392334,25.979999542236328,6744500,0.013260536688045166,0.024870987728795795
BCS,2026-06-17 00:00:00-04:00,26.850000381469727,27.110000610351562,26.170000076293945,26.329999923706055,7145800,0.013471916383243965,0.023205958022765122
BCS,2026-06-18 00:00:00-04:00,26.68000030517578,26.709999084472656,26.299999237060547,26.309999465942383,5875300,-0.000759607209328772,0.023199813774550597
BCS,2026-06-22 00:00:00-04:00,27.209999084472656,27.420000076293945,27.1200008392334,27.290000915527344,4521300,0.03724825045525182,0.02159750498739052
BCS,2026-06-23 00:00:00-04:00,27.059999465942383,27.25,26.969999313354492,27.020000457763672,4506500,-0.009893750410614577,0.022321916844632004
BCS,2026-06-24 00:00:00-04:00,26.8799991607666,26.920000076293945,26.520000457763672,26.600000381469727,4685700,-0.015544044011045366,0.023818214643153736
BCS,2026-06-25 00:00:00-04:00,27.34000015258789,27.600000381469727,27.1299991607666,27.299999237060547,4548400,0.02631574607338938,0.020323299846204113
BCS,2026-06-26 00:00:00-04:00,26.950000762939453,27.049999237060547,26.6299991607666,26.719999313354492,4388100,-0.021245419044506386,0.019724397892564992
BCS,2026-06-29 00:00:00-04:00,26.950000762939453,26.959999084472656,26.670000076293945,26.860000610351562,3755100,0.005239569633038732,0.018259808522316394
BCS,2026-06-30 00:00:00-04:00,26.969999313354492,27.079999923706055,26.709999084472656,26.860000610351562,4636100,0.0,0.018333002929607496
BCS,2026-07-01 00:00:00-04:00,27.010000228881836,27.459999084472656,26.93000030517578,27.270000457763672,3479400,0.015264327553816237,0.018446238912007584
BCS,2026-07-02 00:00:00-04:00,27.889999389648438,28.0,27.469999313354492,27.770000457763672,5860600,0.01833516654223777,0.01875564333597818
BCS,2026-07-06 00:00:00-04:00,28.079999923706055,28.43000030517578,28.06999969482422,28.40999984741211,3524600,0.02304643064813172,0.019374033373299276
BCS,2026-07-07 00:00:00-04:00,27.860000610351562,28.020000457763672,27.389999389648438,27.40999984741211,3601600,-0.03519887382509401,0.020672382423123477
BCS,2026-07-08 00:00:00-04:00,27.09000015258789,27.170000076293945,26.540000915527344,26.790000915527344,5195100,-0.022619443098731096,0.021755633393398883
BCS,2026-07-09 00:00:00-04:00,27.190000534057617,27.3700008392334,27.079999923706055,27.239999771118164,2690200,0.016797269138203008,0.021697778514079485
BCS,2026-07-10 00:00:00-04:00,27.43000030517578,27.649999618530273,27.31999969482422,27.479999542236328,3838400,0.008810564358837869,0.020227608556516907
BCS,2026-07-13 00:00:00-04:00,27.31999969482422,27.3700008392334,27.06999969482422,27.290000915527344,3997100,-0.006914069500509212,0.018956504642422347
BCS,2026-07-14 00:00:00-04:00,27.559999465942383,28.149999618530273,27.329999923706055,27.530000686645508,6623200,0.00879442151215204,0.019051346764387907
BCS,2026-07-15 00:00:00-04:00,28.0,28.399999618530273,27.940000534057617,28.350000381469727,4445200,0.02978567651187869,0.02083876050143461
BCS,2026-07-16 00:00:00-04:00,28.100000381469727,28.299999237060547,27.920000076293945,28.229999542236328,8135700,-0.004232833778437417,0.020747028143119316
BCS,2026-07-17 00:00:00-04:00,27.239999771118164,27.940000534057617,27.139999389648438,27.81999969482422,7502200,-0.01452355133051586,0.020766673079933726
BCS,2026-07-20 00:00:00-04:00,27.809999465942383,27.920000076293945,27.219999313354492,27.239999771118164,7045700,-0.020848308054221887,0.020069362820697885
BCS,2026-07-21 00:00:00-04:00,27.75,28.1299991607666,27.520000457763672,27.93000030517578,5549700,0.02533041629424715,0.01870039683886917
